1900-01	小寒 大寒 	放假 1 31 	
1900-02	立春 雨水 	放假 1 2 	
1900-03	惊蛰 春分 		
1900-04	清明 谷雨 		
1900-05	立夏 小满 	放假 1 2 	
1900-06	芒种 夏至 	放假 1 	
1900-07	小暑 大暑 		
1900-08	立秋 处暑 		
1900-09	白露 秋分 	放假 8 	
1900-10	寒露 霜降 	放假 1 2 3 8 	
1900-11	立冬 小雪 		
1900-12	大雪 冬至 		
1901-01	小寒 大寒 	放假 1 	
1901-02	立春 雨水 	放假 19 20 21 	
1901-03	惊蛰 春分 		
1901-04	清明 谷雨 		
1901-05	立夏 小满 	放假 1 2 	
1901-06	芒种 夏至 	放假 20 	
1901-07	小暑 大暑 		
1901-08	立秋 处暑 		
1901-09	白露 秋分 	放假 27 	
1901-10	寒露 霜降 	放假 1 2 3 	
1901-11	立冬 小雪 		
1901-12	大雪 冬至 		
1902-01	小寒 大寒 	放假 1 	
1902-02	立春 雨水 	放假 8 9 10 	
1902-03	惊蛰 春分 		
1902-04	清明 谷雨 		
1902-05	立夏 小满 	放假 1 2 	
1902-06	芒种 夏至 	放假 10 	
1902-07	小暑 大暑 		
1902-08	立秋 处暑 		
1902-09	白露 秋分 	放假 16 	
1902-10	寒露 霜降 	放假 1 2 3 	
1902-11	立冬 小雪 		
1902-12	大雪 冬至 		
1903-01	小寒 大寒 	放假 1 29 30 31 	
1903-02	立春 雨水 		
1903-03	惊蛰 春分 		
1903-04	清明 谷雨 		
1903-05	立夏 小满 	放假 1 2 31 	
1903-06	芒种 夏至 	放假 29 	
1903-07	小暑 大暑 		
1903-08	立秋 处暑 		
1903-09	白露 秋分 		
1903-10	寒露 霜降 	放假 1 2 3 5 	
1903-11	立冬 小雪 		
1903-12	大雪 冬至 		
1904-01	小寒 大寒 	放假 1 	
1904-02	立春 雨水 	放假 16 17 18 	
1904-03	惊蛰 春分 		
1904-04	清明 谷雨 		
1904-05	立夏 小满 	放假 1 2 	
1904-06	芒种 夏至 	放假 18 	
1904-07	小暑 大暑 		
1904-08	立秋 处暑 		
1904-09	白露 秋分 	放假 24 	
1904-10	寒露 霜降 	放假 1 2 3 	
1904-11	立冬 小雪 		
1904-12	大雪 冬至 		
1905-01	小寒 大寒 	放假 1 	
1905-02	立春 雨水 	放假 4 5 6 	
1905-03	惊蛰 春分 		
1905-04	清明 谷雨 		
1905-05	立夏 小满 	放假 1 2 	
1905-06	芒种 夏至 	放假 7 	
1905-07	小暑 大暑 		
1905-08	立秋 处暑 		
1905-09	白露 秋分 	放假 13 	
1905-10	寒露 霜降 	放假 1 2 3 	
1905-11	立冬 小雪 		
1905-12	大雪 冬至 		
1906-01	小寒 大寒 	放假 1 25 26 27 	
1906-02	立春 雨水 		
1906-03	惊蛰 春分 		
1906-04	清明 谷雨 		
1906-05	立夏 小满 	放假 1 2 	
1906-06	芒种 夏至 	放假 26 	
1906-07	小暑 大暑 		
1906-08	立秋 处暑 		
1906-09	白露 秋分 		
1906-10	寒露 霜降 	放假 1 2 3 	
1906-11	立冬 小雪 		
1906-12	大雪 冬至 		
1907-01	小寒 大寒 	放假 1 	
1907-02	立春 雨水 	放假 13 14 15 	
1907-03	惊蛰 春分 		
1907-04	清明 谷雨 		
1907-05	立夏 小满 	放假 1 2 	
1907-06	芒种 夏至 	放假 15 	
1907-07	小暑 大暑 		
1907-08	立秋 处暑 		
1907-09	白露 秋分 	放假 22 	
1907-10	寒露 霜降 	放假 1 2 3 	
1907-11	立冬 小雪 		
1907-12	大雪 冬至 		
1908-01	小寒 大寒 	放假 1 	
1908-02	立春 雨水 	放假 2 3 4 	
1908-03	惊蛰 春分 		
1908-04	清明 谷雨 		
1908-05	立夏 小满 	放假 1 2 	
1908-06	芒种 夏至 	放假 3 	
1908-07	小暑 大暑 		
1908-08	立秋 处暑 		
1908-09	白露 秋分 	放假 10 	
1908-10	寒露 霜降 	放假 1 2 3 	
1908-11	立冬 小雪 		
1908-12	大雪 冬至 		
1909-01	小寒 大寒 	放假 1 22 23 24 	
1909-02	立春 雨水 		
1909-03	惊蛰 春分 		
1909-04	清明 谷雨 		
1909-05	立夏 小满 	放假 1 2 	
1909-06	芒种 夏至 	放假 22 	
1909-07	小暑 大暑 		
1909-08	立秋 处暑 		
1909-09	白露 秋分 	放假 28 	
1909-10	寒露 霜降 	放假 1 2 3 	
1909-11	立冬 小雪 		
1909-12	大雪 冬至 		
1910-01	小寒 大寒 	放假 1 	
1910-02	立春 雨水 	放假 10 11 12 	
1910-03	惊蛰 春分 		
1910-04	清明 谷雨 		
1910-05	立夏 小满 	放假 1 2 	
1910-06	芒种 夏至 	放假 11 	
1910-07	小暑 大暑 		
1910-08	立秋 处暑 		
1910-09	白露 秋分 	放假 18 	
1910-10	寒露 霜降 	放假 1 2 3 	
1910-11	立冬 小雪 		
1910-12	大雪 冬至 		
1911-01	小寒 大寒 	放假 1 30 31 	
1911-02	立春 雨水 	放假 1 	
1911-03	惊蛰 春分 		
1911-04	清明 谷雨 		
1911-05	立夏 小满 	放假 1 2 	
1911-06	芒种 夏至 	放假 1 	
1911-07	小暑 大暑 		
1911-08	立秋 处暑 		
1911-09	白露 秋分 		
1911-10	寒露 霜降 	放假 1 2 3 6 	
1911-11	立冬 小雪 		
1911-12	大雪 冬至 		
1912-01	小寒 大寒 	放假 1 	
1912-02	立春 雨水 	放假 18 19 20 	
1912-03	惊蛰 春分 		
1912-04	清明 谷雨 		
1912-05	立夏 小满 	放假 1 2 	
1912-06	芒种 夏至 	放假 19 	
1912-07	小暑 大暑 		
1912-08	立秋 处暑 		
1912-09	白露 秋分 	放假 25 	
1912-10	寒露 霜降 	放假 1 2 3 	
1912-11	立冬 小雪 		
1912-12	大雪 冬至 		
1913-01	小寒 大寒 	放假 1 	
1913-02	立春 雨水 	放假 6 7 8 	
1913-03	惊蛰 春分 		
1913-04	清明 谷雨 		
1913-05	立夏 小满 	放假 1 2 	
1913-06	芒种 夏至 	放假 9 	
1913-07	小暑 大暑 		
1913-08	立秋 处暑 		
1913-09	白露 秋分 	放假 15 	
1913-10	寒露 霜降 	放假 1 2 3 	
1913-11	立冬 小雪 		
1913-12	大雪 冬至 		
1914-01	小寒 大寒 	放假 1 26 27 28 	
1914-02	立春 雨水 		
1914-03	惊蛰 春分 		
1914-04	清明 谷雨 		
1914-05	立夏 小满 	放假 1 2 29 	
1914-06	芒种 夏至 	放假 27 	
1914-07	小暑 大暑 		
1914-08	立秋 处暑 		
1914-09	白露 秋分 		
1914-10	寒露 霜降 	放假 1 2 3 4 	
1914-11	立冬 小雪 		
1914-12	大雪 冬至 		
1915-01	小寒 大寒 	放假 1 	
1915-02	立春 雨水 	放假 14 15 16 	
1915-03	惊蛰 春分 		
1915-04	清明 谷雨 		
1915-05	立夏 小满 	放假 1 2 	
1915-06	芒种 夏至 	放假 17 	
1915-07	小暑 大暑 		
1915-08	立秋 处暑 		
1915-09	白露 秋分 	放假 23 	
1915-10	寒露 霜降 	放假 1 2 3 	
1915-11	立冬 小雪 		
1915-12	大雪 冬至 		
1916-01	小寒 大寒 	放假 1 	
1916-02	立春 雨水 	放假 3 4 5 	
1916-03	惊蛰 春分 		
1916-04	清明 谷雨 		
1916-05	立夏 小满 	放假 1 2 	
1916-06	芒种 夏至 	放假 5 	
1916-07	小暑 大暑 		
1916-08	立秋 处暑 		
1916-09	白露 秋分 	放假 12 	
1916-10	寒露 霜降 	放假 1 2 3 	
1916-11	立冬 小雪 		
1916-12	大雪 冬至 		
1917-01	小寒 大寒 	放假 1 23 24 25 	
1917-02	立春 雨水 		
1917-03	惊蛰 春分 		
1917-04	清明 谷雨 		
1917-05	立夏 小满 	放假 1 2 	
1917-06	芒种 夏至 	放假 23 	
1917-07	小暑 大暑 		
1917-08	立秋 处暑 		
1917-09	白露 秋分 	放假 30 	
1917-10	寒露 霜降 	放假 1 2 3 	
1917-11	立冬 小雪 		
1917-12	大雪 冬至 		
1918-01	小寒 大寒 	放假 1 	
1918-02	立春 雨水 	放假 11 12 13 	
1918-03	惊蛰 春分 		
1918-04	清明 谷雨 		
1918-05	立夏 小满 	放假 1 2 	
1918-06	芒种 夏至 	放假 13 	
1918-07	小暑 大暑 		
1918-08	立秋 处暑 		
1918-09	白露 秋分 	放假 19 	
1918-10	寒露 霜降 	放假 1 2 3 	
1918-11	立冬 小雪 		
1918-12	大雪 冬至 		
1919-01	小寒 大寒 	放假 1 	
1919-02	立春 雨水 	放假 1 2 3 	
1919-03	惊蛰 春分 		
1919-04	清明 谷雨 		
1919-05	立夏 小满 	放假 1 2 	
1919-06	芒种 夏至 	放假 2 	
1919-07	小暑 大暑 		
1919-08	立秋 处暑 		
1919-09	白露 秋分 		
1919-10	寒露 霜降 	放假 1 2 3 8 	
1919-11	立冬 小雪 		
1919-12	大雪 冬至 		
1920-01	小寒 大寒 	放假 1 	
1920-02	立春 雨水 	放假 20 21 22 	
1920-03	惊蛰 春分 		
1920-04	清明 谷雨 		
1920-05	立夏 小满 	放假 1 2 	
1920-06	芒种 夏至 	放假 20 	
1920-07	小暑 大暑 		
1920-08	立秋 处暑 		
1920-09	白露 秋分 	放假 26 	
1920-10	寒露 霜降 	放假 1 2 3 	
1920-11	立冬 小雪 		
1920-12	大雪 冬至 		
1921-01	小寒 大寒 	放假 1 	
1921-02	立春 雨水 	放假 8 9 10 	
1921-03	惊蛰 春分 		
1921-04	清明 谷雨 		
1921-05	立夏 小满 	放假 1 2 	
1921-06	芒种 夏至 	放假 10 	
1921-07	小暑 大暑 		
1921-08	立秋 处暑 		
1921-09	白露 秋分 	放假 16 	
1921-10	寒露 霜降 	放假 1 2 3 	
1921-11	立冬 小雪 		
1921-12	大雪 冬至 		
1922-01	小寒 大寒 	放假 1 28 29 30 	
1922-02	立春 雨水 		
1922-03	惊蛰 春分 		
1922-04	清明 谷雨 		
1922-05	立夏 小满 	放假 1 2 31 	
1922-06	芒种 夏至 	放假 29 	
1922-07	小暑 大暑 		
1922-08	立秋 处暑 		
1922-09	白露 秋分 		
1922-10	寒露 霜降 	放假 1 2 3 5 	
1922-11	立冬 小雪 		
1922-12	大雪 冬至 		
1923-01	小寒 大寒 	放假 1 	
1923-02	立春 雨水 	放假 16 17 18 	
1923-03	惊蛰 春分 		
1923-04	清明 谷雨 		
1923-05	立夏 小满 	放假 1 2 	
1923-06	芒种 夏至 	放假 18 	
1923-07	小暑 大暑 		
1923-08	立秋 处暑 		
1923-09	白露 秋分 	放假 25 	
1923-10	寒露 霜降 	放假 1 2 3 	
1923-11	立冬 小雪 		
1923-12	大雪 冬至 		
1924-01	小寒 大寒 	放假 1 	
1924-02	立春 雨水 	放假 5 6 7 	
1924-03	惊蛰 春分 		
1924-04	清明 谷雨 		
1924-05	立夏 小满 	放假 1 2 	
1924-06	芒种 夏至 	放假 6 	
1924-07	小暑 大暑 		
1924-08	立秋 处暑 		
1924-09	白露 秋分 	放假 13 	
1924-10	寒露 霜降 	放假 1 2 3 	
1924-11	立冬 小雪 		
1924-12	大雪 冬至 		
1925-01	小寒 大寒 	放假 1 24 25 26 	
1925-02	立春 雨水 		
1925-03	惊蛰 春分 		
1925-04	清明 谷雨 		
1925-05	立夏 小满 	放假 1 2 	
1925-06	芒种 夏至 	放假 25 	
1925-07	小暑 大暑 		
1925-08	立秋 处暑 		
1925-09	白露 秋分 		
1925-10	寒露 霜降 	放假 1 2 3 	
1925-11	立冬 小雪 		
1925-12	大雪 冬至 		
1926-01	小寒 大寒 	放假 1 	
1926-02	立春 雨水 	放假 13 14 15 	
1926-03	惊蛰 春分 		
1926-04	清明 谷雨 		
1926-05	立夏 小满 	放假 1 2 	
1926-06	芒种 夏至 	放假 14 	
1926-07	小暑 大暑 		
1926-08	立秋 处暑 		
1926-09	白露 秋分 	放假 21 	
1926-10	寒露 霜降 	放假 1 2 3 	
1926-11	立冬 小雪 		
1926-12	大雪 冬至 		
1927-01	小寒 大寒 	放假 1 	
1927-02	立春 雨水 	放假 2 3 4 	
1927-03	惊蛰 春分 		
1927-04	清明 谷雨 		
1927-05	立夏 小满 	放假 1 2 	
1927-06	芒种 夏至 	放假 4 	
1927-07	小暑 大暑 		
1927-08	立秋 处暑 		
1927-09	白露 秋分 	放假 10 	
1927-10	寒露 霜降 	放假 1 2 3 	
1927-11	立冬 小雪 		
1927-12	大雪 冬至 		
1928-01	小寒 大寒 	放假 1 23 24 25 	
1928-02	立春 雨水 		
1928-03	惊蛰 春分 		
1928-04	清明 谷雨 		
1928-05	立夏 小满 	放假 1 2 	
1928-06	芒种 夏至 	放假 22 	
1928-07	小暑 大暑 		
1928-08	立秋 处暑 		
1928-09	白露 秋分 	放假 28 	
1928-10	寒露 霜降 	放假 1 2 3 	
1928-11	立冬 小雪 		
1928-12	大雪 冬至 		
1929-01	小寒 大寒 	放假 1 	
1929-02	立春 雨水 	放假 10 11 12 	
1929-03	惊蛰 春分 		
1929-04	清明 谷雨 		
1929-05	立夏 小满 	放假 1 2 	
1929-06	芒种 夏至 	放假 11 	
1929-07	小暑 大暑 		
1929-08	立秋 处暑 		
1929-09	白露 秋分 	放假 17 	
1929-10	寒露 霜降 	放假 1 2 3 	
1929-11	立冬 小雪 		
1929-12	大雪 冬至 		
1930-01	小寒 大寒 	放假 1 30 31 	
1930-02	立春 雨水 	放假 1 	
1930-03	惊蛰 春分 		
1930-04	清明 谷雨 		
1930-05	立夏 小满 	放假 1 2 	
1930-06	芒种 夏至 	放假 1 	
1930-07	小暑 大暑 		
1930-08	立秋 处暑 		
1930-09	白露 秋分 		
1930-10	寒露 霜降 	放假 1 2 3 6 	
1930-11	立冬 小雪 		
1930-12	大雪 冬至 		
1931-01	小寒 大寒 	放假 1 	
1931-02	立春 雨水 	放假 17 18 19 	
1931-03	惊蛰 春分 		
1931-04	清明 谷雨 		
1931-05	立夏 小满 	放假 1 2 	
1931-06	芒种 夏至 	放假 20 	
1931-07	小暑 大暑 		
1931-08	立秋 处暑 		
1931-09	白露 秋分 	放假 26 	
1931-10	寒露 霜降 	放假 1 2 3 	
1931-11	立冬 小雪 		
1931-12	大雪 冬至 		
1932-01	小寒 大寒 	放假 1 	
1932-02	立春 雨水 	放假 6 7 8 	
1932-03	惊蛰 春分 		
1932-04	清明 谷雨 		
1932-05	立夏 小满 	放假 1 2 	
1932-06	芒种 夏至 	放假 8 	
1932-07	小暑 大暑 		
1932-08	立秋 处暑 		
1932-09	白露 秋分 	放假 15 	
1932-10	寒露 霜降 	放假 1 2 3 	
1932-11	立冬 小雪 		
1932-12	大雪 冬至 		
1933-01	小寒 大寒 	放假 1 26 27 28 	
1933-02	立春 雨水 		
1933-03	惊蛰 春分 		
1933-04	清明 谷雨 		
1933-05	立夏 小满 	放假 1 2 28 	
1933-06	芒种 夏至 	放假 27 	
1933-07	小暑 大暑 		
1933-08	立秋 处暑 		
1933-09	白露 秋分 		
1933-10	寒露 霜降 	放假 1 2 3 4 	
1933-11	立冬 小雪 		
1933-12	大雪 冬至 		
1934-01	小寒 大寒 	放假 1 	
1934-02	立春 雨水 	放假 14 15 16 	
1934-03	惊蛰 春分 		
1934-04	清明 谷雨 		
1934-05	立夏 小满 	放假 1 2 	
1934-06	芒种 夏至 	放假 16 	
1934-07	小暑 大暑 		
1934-08	立秋 处暑 		
1934-09	白露 秋分 	放假 23 	
1934-10	寒露 霜降 	放假 1 2 3 	
1934-11	立冬 小雪 		
1934-12	大雪 冬至 		
1935-01	小寒 大寒 	放假 1 	
1935-02	立春 雨水 	放假 4 5 6 	
1935-03	惊蛰 春分 		
1935-04	清明 谷雨 		
1935-05	立夏 小满 	放假 1 2 	
1935-06	芒种 夏至 	放假 5 	
1935-07	小暑 大暑 		
1935-08	立秋 处暑 		
1935-09	白露 秋分 	放假 12 	
1935-10	寒露 霜降 	放假 1 2 3 	
1935-11	立冬 小雪 		
1935-12	大雪 冬至 		
1936-01	小寒 大寒 	放假 1 24 25 26 	
1936-02	立春 雨水 		
1936-03	惊蛰 春分 		
1936-04	清明 谷雨 		
1936-05	立夏 小满 	放假 1 2 	
1936-06	芒种 夏至 	放假 23 	
1936-07	小暑 大暑 		
1936-08	立秋 处暑 		
1936-09	白露 秋分 	放假 30 	
1936-10	寒露 霜降 	放假 1 2 3 	
1936-11	立冬 小雪 		
1936-12	大雪 冬至 		
1937-01	小寒 大寒 	放假 1 	
1937-02	立春 雨水 	放假 11 12 13 	
1937-03	惊蛰 春分 		
1937-04	清明 谷雨 		
1937-05	立夏 小满 	放假 1 2 	
1937-06	芒种 夏至 	放假 13 	
1937-07	小暑 大暑 		
1937-08	立秋 处暑 		
1937-09	白露 秋分 	放假 19 	
1937-10	寒露 霜降 	放假 1 2 3 	
1937-11	立冬 小雪 		
1937-12	大雪 冬至 		
1938-01	小寒 大寒 	放假 1 31 	
1938-02	立春 雨水 	放假 1 2 	
1938-03	惊蛰 春分 		
1938-04	清明 谷雨 		
1938-05	立夏 小满 	放假 1 2 	
1938-06	芒种 夏至 	放假 2 	
1938-07	小暑 大暑 		
1938-08	立秋 处暑 		
1938-09	白露 秋分 		
1938-10	寒露 霜降 	放假 1 2 3 8 	
1938-11	立冬 小雪 		
1938-12	大雪 冬至 		
1939-01	小寒 大寒 	放假 1 	
1939-02	立春 雨水 	放假 19 20 21 	
1939-03	惊蛰 春分 		
1939-04	清明 谷雨 		
1939-05	立夏 小满 	放假 1 2 	
1939-06	芒种 夏至 	放假 21 	
1939-07	小暑 大暑 		
1939-08	立秋 处暑 		
1939-09	白露 秋分 	放假 27 	
1939-10	寒露 霜降 	放假 1 2 3 	
1939-11	立冬 小雪 		
1939-12	大雪 冬至 		
1940-01	小寒 大寒 	放假 1 	
1940-02	立春 雨水 	放假 8 9 10 	
1940-03	惊蛰 春分 		
1940-04	清明 谷雨 		
1940-05	立夏 小满 	放假 1 2 	
1940-06	芒种 夏至 	放假 10 	
1940-07	小暑 大暑 		
1940-08	立秋 处暑 		
1940-09	白露 秋分 	放假 16 	
1940-10	寒露 霜降 	放假 1 2 3 	
1940-11	立冬 小雪 		
1940-12	大雪 冬至 		
1941-01	小寒 大寒 	放假 1 27 28 29 	
1941-02	立春 雨水 		
1941-03	惊蛰 春分 		
1941-04	清明 谷雨 		
1941-05	立夏 小满 	放假 1 2 30 	
1941-06	芒种 夏至 		
1941-07	小暑 大暑 		
1941-08	立秋 处暑 		
1941-09	白露 秋分 		
1941-10	寒露 霜降 	放假 1 2 3 5 	
1941-11	立冬 小雪 		
1941-12	大雪 冬至 		
1942-01	小寒 大寒 	放假 1 	
1942-02	立春 雨水 	放假 15 16 17 	
1942-03	惊蛰 春分 		
1942-04	清明 谷雨 		
1942-05	立夏 小满 	放假 1 2 	
1942-06	芒种 夏至 	放假 18 	
1942-07	小暑 大暑 		
1942-08	立秋 处暑 		
1942-09	白露 秋分 	放假 24 	
1942-10	寒露 霜降 	放假 1 2 3 	
1942-11	立冬 小雪 		
1942-12	大雪 冬至 		
1943-01	小寒 大寒 	放假 1 	
1943-02	立春 雨水 	放假 5 6 7 	
1943-03	惊蛰 春分 		
1943-04	清明 谷雨 		
1943-05	立夏 小满 	放假 1 2 	
1943-06	芒种 夏至 	放假 7 	
1943-07	小暑 大暑 		
1943-08	立秋 处暑 		
1943-09	白露 秋分 	放假 14 	
1943-10	寒露 霜降 	放假 1 2 3 	
1943-11	立冬 小雪 		
1943-12	大雪 冬至 		
1944-01	小寒 大寒 	放假 1 25 26 27 	
1944-02	立春 雨水 		
1944-03	惊蛰 春分 		
1944-04	清明 谷雨 		
1944-05	立夏 小满 	放假 1 2 	
1944-06	芒种 夏至 	放假 25 	
1944-07	小暑 大暑 		
1944-08	立秋 处暑 		
1944-09	白露 秋分 		
1944-10	寒露 霜降 	放假 1 2 3 	
1944-11	立冬 小雪 		
1944-12	大雪 冬至 		
1945-01	小寒 大寒 	放假 1 	
1945-02	立春 雨水 	放假 13 14 15 	
1945-03	惊蛰 春分 		
1945-04	清明 谷雨 		
1945-05	立夏 小满 	放假 1 2 	
1945-06	芒种 夏至 	放假 14 	
1945-07	小暑 大暑 		
1945-08	立秋 处暑 		
1945-09	白露 秋分 	放假 20 	
1945-10	寒露 霜降 	放假 1 2 3 	
1945-11	立冬 小雪 		
1945-12	大雪 冬至 		
1946-01	小寒 大寒 	放假 1 	
1946-02	立春 雨水 	放假 2 3 4 	
1946-03	惊蛰 春分 		
1946-04	清明 谷雨 		
1946-05	立夏 小满 	放假 1 2 	
1946-06	芒种 夏至 	放假 4 	
1946-07	小暑 大暑 		
1946-08	立秋 处暑 		
1946-09	白露 秋分 	放假 10 	
1946-10	寒露 霜降 	放假 1 2 3 	
1946-11	立冬 小雪 		
1946-12	大雪 冬至 		
1947-01	小寒 大寒 	放假 1 22 23 24 	
1947-02	立春 雨水 		
1947-03	惊蛰 春分 		
1947-04	清明 谷雨 		
1947-05	立夏 小满 	放假 1 2 	
1947-06	芒种 夏至 	放假 23 	
1947-07	小暑 大暑 		
1947-08	立秋 处暑 		
1947-09	白露 秋分 	放假 29 	
1947-10	寒露 霜降 	放假 1 2 3 	
1947-11	立冬 小雪 		
1947-12	大雪 冬至 		
1948-01	小寒 大寒 	放假 1 	
1948-02	立春 雨水 	放假 10 11 12 	
1948-03	惊蛰 春分 		
1948-04	清明 谷雨 		
1948-05	立夏 小满 	放假 1 2 	
1948-06	芒种 夏至 	放假 11 	
1948-07	小暑 大暑 		
1948-08	立秋 处暑 		
1948-09	白露 秋分 	放假 17 	
1948-10	寒露 霜降 	放假 1 2 3 	
1948-11	立冬 小雪 		
1948-12	大雪 冬至 		
1949-01	小寒 大寒 	放假 1 29 30 31 	
1949-02	立春 雨水 		
1949-03	惊蛰 春分 		
1949-04	清明 谷雨 		
1949-05	立夏 小满 	放假 1 2 	
1949-06	芒种 夏至 	放假 1 	
1949-07	小暑 大暑 		
1949-08	立秋 处暑 		
1949-09	白露 秋分 		
1949-10	寒露 霜降 	放假 1 2 3 6 	
1949-11	立冬 小雪 		
1949-12	大雪 冬至 		
1950-01	小寒 大寒 	放假 1 	
1950-02	立春 雨水 	放假 17 18 19 	
1950-03	惊蛰 春分 		
1950-04	清明 谷雨 		
1950-05	立夏 小满 	放假 1 2 	
1950-06	芒种 夏至 	放假 19 	
1950-07	小暑 大暑 		
1950-08	立秋 处暑 		
1950-09	白露 秋分 	放假 26 	
1950-10	寒露 霜降 	放假 1 2 3 	
1950-11	立冬 小雪 		
1950-12	大雪 冬至 		
1951-01	小寒 大寒 	放假 1 	
1951-02	立春 雨水 	放假 6 7 8 	
1951-03	惊蛰 春分 		
1951-04	清明 谷雨 		
1951-05	立夏 小满 	放假 1 2 	
1951-06	芒种 夏至 	放假 9 	
1951-07	小暑 大暑 		
1951-08	立秋 处暑 		
1951-09	白露 秋分 	放假 15 	
1951-10	寒露 霜降 	放假 1 2 3 	
1951-11	立冬 小雪 		
1951-12	大雪 冬至 		
1952-01	小寒 大寒 	放假 1 27 28 29 	
1952-02	立春 雨水 		
1952-03	惊蛰 春分 		
1952-04	清明 谷雨 		
1952-05	立夏 小满 	放假 1 2 28 	
1952-06	芒种 夏至 	放假 26 	
1952-07	小暑 大暑 		
1952-08	立秋 处暑 		
1952-09	白露 秋分 		
1952-10	寒露 霜降 	放假 1 2 3 	
1952-11	立冬 小雪 		
1952-12	大雪 冬至 		
1953-01	小寒 大寒 	放假 1 	
1953-02	立春 雨水 	放假 14 15 16 	
1953-03	惊蛰 春分 		
1953-04	清明 谷雨 		
1953-05	立夏 小满 	放假 1 2 	
1953-06	芒种 夏至 	放假 15 	
1953-07	小暑 大暑 		
1953-08	立秋 处暑 		
1953-09	白露 秋分 	放假 22 	
1953-10	寒露 霜降 	放假 1 2 3 	
1953-11	立冬 小雪 		
1953-12	大雪 冬至 		
1954-01	小寒 大寒 	放假 1 	
1954-02	立春 雨水 	放假 3 4 5 	
1954-03	惊蛰 春分 		
1954-04	清明 谷雨 		
1954-05	立夏 小满 	放假 1 2 	
1954-06	芒种 夏至 	放假 5 	
1954-07	小暑 大暑 		
1954-08	立秋 处暑 		
1954-09	白露 秋分 	放假 11 	
1954-10	寒露 霜降 	放假 1 2 3 	
1954-11	立冬 小雪 		
1954-12	大雪 冬至 		
1955-01	小寒 大寒 	放假 1 24 25 26 	
1955-02	立春 雨水 		
1955-03	惊蛰 春分 		
1955-04	清明 谷雨 		
1955-05	立夏 小满 	放假 1 2 	
1955-06	芒种 夏至 	放假 24 	
1955-07	小暑 大暑 		
1955-08	立秋 处暑 		
1955-09	白露 秋分 	放假 30 	
1955-10	寒露 霜降 	放假 1 2 3 	
1955-11	立冬 小雪 		
1955-12	大雪 冬至 		
1956-01	小寒 大寒 	放假 1 	
1956-02	立春 雨水 	放假 12 13 14 	
1956-03	惊蛰 春分 		
1956-04	清明 谷雨 		
1956-05	立夏 小满 	放假 1 2 	
1956-06	芒种 夏至 	放假 13 	
1956-07	小暑 大暑 		
1956-08	立秋 处暑 		
1956-09	白露 秋分 	放假 19 	
1956-10	寒露 霜降 	放假 1 2 3 	
1956-11	立冬 小雪 		
1956-12	大雪 冬至 		
1957-01	小寒 大寒 	放假 1 31 	
1957-02	立春 雨水 	放假 1 2 	
1957-03	惊蛰 春分 		
1957-04	清明 谷雨 		
1957-05	立夏 小满 	放假 1 2 	
1957-06	芒种 夏至 	放假 2 	
1957-07	小暑 大暑 		
1957-08	立秋 处暑 		
1957-09	白露 秋分 	放假 8 	
1957-10	寒露 霜降 	放假 1 2 3 8 	
1957-11	立冬 小雪 		
1957-12	大雪 冬至 		
1958-01	小寒 大寒 	放假 1 	
1958-02	立春 雨水 	放假 18 19 20 	
1958-03	惊蛰 春分 		
1958-04	清明 谷雨 		
1958-05	立夏 小满 	放假 1 2 	
1958-06	芒种 夏至 	放假 21 	
1958-07	小暑 大暑 		
1958-08	立秋 处暑 		
1958-09	白露 秋分 	放假 27 	
1958-10	寒露 霜降 	放假 1 2 3 	
1958-11	立冬 小雪 		
1958-12	大雪 冬至 		
1959-01	小寒 大寒 	放假 1 	
1959-02	立春 雨水 	放假 8 9 10 	
1959-03	惊蛰 春分 		
1959-04	清明 谷雨 		
1959-05	立夏 小满 	放假 1 2 	
1959-06	芒种 夏至 	放假 10 	
1959-07	小暑 大暑 		
1959-08	立秋 处暑 		
1959-09	白露 秋分 	放假 17 	
1959-10	寒露 霜降 	放假 1 2 3 	
1959-11	立冬 小雪 		
1959-12	大雪 冬至 		
1960-01	小寒 大寒 	放假 1 28 29 30 	
1960-02	立春 雨水 		
1960-03	惊蛰 春分 		
1960-04	清明 谷雨 		
1960-05	立夏 小满 	放假 1 2 29 	
1960-06	芒种 夏至 		
1960-07	小暑 大暑 		
1960-08	立秋 处暑 		
1960-09	白露 秋分 		
1960-10	寒露 霜降 	放假 1 2 3 5 	
1960-11	立冬 小雪 		
1960-12	大雪 冬至 		
1961-01	小寒 大寒 	放假 1 	
1961-02	立春 雨水 	放假 15 16 17 	
1961-03	惊蛰 春分 		
1961-04	清明 谷雨 		
1961-05	立夏 小满 	放假 1 2 	
1961-06	芒种 夏至 	放假 17 	
1961-07	小暑 大暑 		
1961-08	立秋 处暑 		
1961-09	白露 秋分 	放假 24 	
1961-10	寒露 霜降 	放假 1 2 3 	
1961-11	立冬 小雪 		
1961-12	大雪 冬至 		
1962-01	小寒 大寒 	放假 1 	
1962-02	立春 雨水 	放假 5 6 7 	
1962-03	惊蛰 春分 		
1962-04	清明 谷雨 		
1962-05	立夏 小满 	放假 1 2 	
1962-06	芒种 夏至 	放假 6 	
1962-07	小暑 大暑 		
1962-08	立秋 处暑 		
1962-09	白露 秋分 	放假 13 	
1962-10	寒露 霜降 	放假 1 2 3 	
1962-11	立冬 小雪 		
1962-12	大雪 冬至 		
1963-01	小寒 大寒 	放假 1 25 26 27 	
1963-02	立春 雨水 		
1963-03	惊蛰 春分 		
1963-04	清明 谷雨 		
1963-05	立夏 小满 	放假 1 2 	
1963-06	芒种 夏至 	放假 25 	
1963-07	小暑 大暑 		
1963-08	立秋 处暑 		
1963-09	白露 秋分 		
1963-10	寒露 霜降 	放假 1 2 3 	
1963-11	立冬 小雪 		
1963-12	大雪 冬至 		
1964-01	小寒 大寒 	放假 1 	
1964-02	立春 雨水 	放假 13 14 15 	
1964-03	惊蛰 春分 		
1964-04	清明 谷雨 		
1964-05	立夏 小满 	放假 1 2 	
1964-06	芒种 夏至 	放假 14 	
1964-07	小暑 大暑 		
1964-08	立秋 处暑 		
1964-09	白露 秋分 	放假 20 	
1964-10	寒露 霜降 	放假 1 2 3 	
1964-11	立冬 小雪 		
1964-12	大雪 冬至 		
1965-01	小寒 大寒 	放假 1 	
1965-02	立春 雨水 	放假 2 3 4 	
1965-03	惊蛰 春分 		
1965-04	清明 谷雨 		
1965-05	立夏 小满 	放假 1 2 	
1965-06	芒种 夏至 	放假 4 	
1965-07	小暑 大暑 		
1965-08	立秋 处暑 		
1965-09	白露 秋分 	放假 10 	
1965-10	寒露 霜降 	放假 1 2 3 	
1965-11	立冬 小雪 		
1965-12	大雪 冬至 		
1966-01	小寒 大寒 	放假 1 21 22 23 	
1966-02	立春 雨水 		
1966-03	惊蛰 春分 		
1966-04	清明 谷雨 		
1966-05	立夏 小满 	放假 1 2 	
1966-06	芒种 夏至 	放假 23 	
1966-07	小暑 大暑 		
1966-08	立秋 处暑 		
1966-09	白露 秋分 	放假 29 	
1966-10	寒露 霜降 	放假 1 2 3 	
1966-11	立冬 小雪 		
1966-12	大雪 冬至 		
1967-01	小寒 大寒 	放假 1 	
1967-02	立春 雨水 	放假 9 10 11 	
1967-03	惊蛰 春分 		
1967-04	清明 谷雨 		
1967-05	立夏 小满 	放假 1 2 	
1967-06	芒种 夏至 	放假 12 	
1967-07	小暑 大暑 		
1967-08	立秋 处暑 		
1967-09	白露 秋分 	放假 18 	
1967-10	寒露 霜降 	放假 1 2 3 	
1967-11	立冬 小雪 		
1967-12	大雪 冬至 		
1968-01	小寒 大寒 	放假 1 30 31 	
1968-02	立春 雨水 	放假 1 	
1968-03	惊蛰 春分 		
1968-04	清明 谷雨 		
1968-05	立夏 小满 	放假 1 2 31 	
1968-06	芒种 夏至 		
1968-07	小暑 大暑 		
1968-08	立秋 处暑 		
1968-09	白露 秋分 		
1968-10	寒露 霜降 	放假 1 2 3 6 	
1968-11	立冬 小雪 		
1968-12	大雪 冬至 		
1969-01	小寒 大寒 	放假 1 	
1969-02	立春 雨水 	放假 17 18 19 	
1969-03	惊蛰 春分 		
1969-04	清明 谷雨 		
1969-05	立夏 小满 	放假 1 2 	
1969-06	芒种 夏至 	放假 19 	
1969-07	小暑 大暑 		
1969-08	立秋 处暑 		
1969-09	白露 秋分 	放假 26 	
1969-10	寒露 霜降 	放假 1 2 3 	
1969-11	立冬 小雪 		
1969-12	大雪 冬至 		
1970-01	小寒 大寒 	放假 1 	
1970-02	立春 雨水 	放假 6 7 8 	
1970-03	惊蛰 春分 		
1970-04	清明 谷雨 		
1970-05	立夏 小满 	放假 1 2 	
1970-06	芒种 夏至 	放假 8 	
1970-07	小暑 大暑 		
1970-08	立秋 处暑 		
1970-09	白露 秋分 	放假 15 	
1970-10	寒露 霜降 	放假 1 2 3 	
1970-11	立冬 小雪 		
1970-12	大雪 冬至 		
1971-01	小寒 大寒 	放假 1 27 28 29 	
1971-02	立春 雨水 		
1971-03	惊蛰 春分 		
1971-04	清明 谷雨 		
1971-05	立夏 小满 	放假 1 2 28 	
1971-06	芒种 夏至 	放假 27 	
1971-07	小暑 大暑 		
1971-08	立秋 处暑 		
1971-09	白露 秋分 		
1971-10	寒露 霜降 	放假 1 2 3 	
1971-11	立冬 小雪 		
1971-12	大雪 冬至 		
1972-01	小寒 大寒 	放假 1 	
1972-02	立春 雨水 	放假 15 16 17 	
1972-03	惊蛰 春分 		
1972-04	清明 谷雨 		
1972-05	立夏 小满 	放假 1 2 	
1972-06	芒种 夏至 	放假 15 	
1972-07	小暑 大暑 		
1972-08	立秋 处暑 		
1972-09	白露 秋分 	放假 22 	
1972-10	寒露 霜降 	放假 1 2 3 	
1972-11	立冬 小雪 		
1972-12	大雪 冬至 		
1973-01	小寒 大寒 	放假 1 	
1973-02	立春 雨水 	放假 3 4 5 	
1973-03	惊蛰 春分 		
1973-04	清明 谷雨 		
1973-05	立夏 小满 	放假 1 2 	
1973-06	芒种 夏至 	放假 5 	
1973-07	小暑 大暑 		
1973-08	立秋 处暑 		
1973-09	白露 秋分 	放假 11 	
1973-10	寒露 霜降 	放假 1 2 3 	
1973-11	立冬 小雪 		
1973-12	大雪 冬至 		
1974-01	小寒 大寒 	放假 1 23 24 25 	
1974-02	立春 雨水 		
1974-03	惊蛰 春分 		
1974-04	清明 谷雨 		
1974-05	立夏 小满 	放假 1 2 	
1974-06	芒种 夏至 	放假 24 	
1974-07	小暑 大暑 		
1974-08	立秋 处暑 		
1974-09	白露 秋分 	放假 30 	
1974-10	寒露 霜降 	放假 1 2 3 	
1974-11	立冬 小雪 		
1974-12	大雪 冬至 		
1975-01	小寒 大寒 	放假 1 	
1975-02	立春 雨水 	放假 11 12 13 	
1975-03	惊蛰 春分 		
1975-04	清明 谷雨 		
1975-05	立夏 小满 	放假 1 2 	
1975-06	芒种 夏至 	放假 14 	
1975-07	小暑 大暑 		
1975-08	立秋 处暑 		
1975-09	白露 秋分 	放假 20 	
1975-10	寒露 霜降 	放假 1 2 3 	
1975-11	立冬 小雪 		
1975-12	大雪 冬至 		
1976-01	小寒 大寒 	放假 1 31 	
1976-02	立春 雨水 	放假 1 2 	
1976-03	惊蛰 春分 		
1976-04	清明 谷雨 		
1976-05	立夏 小满 	放假 1 2 	
1976-06	芒种 夏至 	放假 2 	
1976-07	小暑 大暑 		
1976-08	立秋 处暑 		
1976-09	白露 秋分 	放假 8 	
1976-10	寒露 霜降 	放假 1 2 3 8 	
1976-11	立冬 小雪 		
1976-12	大雪 冬至 		
1977-01	小寒 大寒 	放假 1 	
1977-02	立春 雨水 	放假 18 19 20 	
1977-03	惊蛰 春分 		
1977-04	清明 谷雨 		
1977-05	立夏 小满 	放假 1 2 	
1977-06	芒种 夏至 	放假 21 	
1977-07	小暑 大暑 		
1977-08	立秋 处暑 		
1977-09	白露 秋分 	放假 27 	
1977-10	寒露 霜降 	放假 1 2 3 	
1977-11	立冬 小雪 		
1977-12	大雪 冬至 		
1978-01	小寒 大寒 	放假 1 	
1978-02	立春 雨水 	放假 7 8 9 	
1978-03	惊蛰 春分 		
1978-04	清明 谷雨 		
1978-05	立夏 小满 	放假 1 2 	
1978-06	芒种 夏至 	放假 10 	
1978-07	小暑 大暑 		
1978-08	立秋 处暑 		
1978-09	白露 秋分 	放假 17 	
1978-10	寒露 霜降 	放假 1 2 3 	
1978-11	立冬 小雪 		
1978-12	大雪 冬至 		
1979-01	小寒 大寒 	放假 1 28 29 30 	
1979-02	立春 雨水 		
1979-03	惊蛰 春分 		
1979-04	清明 谷雨 		
1979-05	立夏 小满 	放假 1 2 30 	
1979-06	芒种 夏至 		
1979-07	小暑 大暑 		
1979-08	立秋 处暑 		
1979-09	白露 秋分 		
1979-10	寒露 霜降 	放假 1 2 3 5 	
1979-11	立冬 小雪 		
1979-12	大雪 冬至 		
1980-01	小寒 大寒 	放假 1 	
1980-02	立春 雨水 	放假 16 17 18 	
1980-03	惊蛰 春分 		
1980-04	清明 谷雨 		
1980-05	立夏 小满 	放假 1 2 	
1980-06	芒种 夏至 	放假 17 	
1980-07	小暑 大暑 		
1980-08	立秋 处暑 		
1980-09	白露 秋分 	放假 23 	
1980-10	寒露 霜降 	放假 1 2 3 	
1980-11	立冬 小雪 		
1980-12	大雪 冬至 		
1981-01	小寒 大寒 	放假 1 	
1981-02	立春 雨水 	放假 5 6 7 	
1981-03	惊蛰 春分 		
1981-04	清明 谷雨 		
1981-05	立夏 小满 	放假 1 2 	
1981-06	芒种 夏至 	放假 6 	
1981-07	小暑 大暑 		
1981-08	立秋 处暑 		
1981-09	白露 秋分 	放假 12 	
1981-10	寒露 霜降 	放假 1 2 3 	
1981-11	立冬 小雪 		
1981-12	大雪 冬至 		
1982-01	小寒 大寒 	放假 1 25 26 27 	
1982-02	立春 雨水 		
1982-03	惊蛰 春分 		
1982-04	清明 谷雨 		
1982-05	立夏 小满 	放假 1 2 	
1982-06	芒种 夏至 	放假 25 	
1982-07	小暑 大暑 		
1982-08	立秋 处暑 		
1982-09	白露 秋分 		
1982-10	寒露 霜降 	放假 1 2 3 	
1982-11	立冬 小雪 		
1982-12	大雪 冬至 		
1983-01	小寒 大寒 	放假 1 	
1983-02	立春 雨水 	放假 13 14 15 	
1983-03	惊蛰 春分 		
1983-04	清明 谷雨 		
1983-05	立夏 小满 	放假 1 2 	
1983-06	芒种 夏至 	放假 15 	
1983-07	小暑 大暑 		
1983-08	立秋 处暑 		
1983-09	白露 秋分 	放假 21 	
1983-10	寒露 霜降 	放假 1 2 3 	
1983-11	立冬 小雪 		
1983-12	大雪 冬至 		
1984-01	小寒 大寒 	放假 1 	
1984-02	立春 雨水 	放假 2 3 4 	
1984-03	惊蛰 春分 		
1984-04	清明 谷雨 		
1984-05	立夏 小满 	放假 1 2 	
1984-06	芒种 夏至 	放假 4 	
1984-07	小暑 大暑 		
1984-08	立秋 处暑 		
1984-09	白露 秋分 	放假 10 	
1984-10	寒露 霜降 	放假 1 2 3 	
1984-11	立冬 小雪 		
1984-12	大雪 冬至 		
1985-01	小寒 大寒 	放假 1 	
1985-02	立春 雨水 	放假 20 21 22 	
1985-03	惊蛰 春分 		
1985-04	清明 谷雨 		
1985-05	立夏 小满 	放假 1 2 	
1985-06	芒种 夏至 	放假 22 	
1985-07	小暑 大暑 		
1985-08	立秋 处暑 		
1985-09	白露 秋分 	放假 29 	
1985-10	寒露 霜降 	放假 1 2 3 	
1985-11	立冬 小雪 		
1985-12	大雪 冬至 		
1986-01	小寒 大寒 	放假 1 	
1986-02	立春 雨水 	放假 9 10 11 	
1986-03	惊蛰 春分 		
1986-04	清明 谷雨 		
1986-05	立夏 小满 	放假 1 2 	
1986-06	芒种 夏至 	放假 11 	
1986-07	小暑 大暑 		
1986-08	立秋 处暑 		
1986-09	白露 秋分 	放假 18 	
1986-10	寒露 霜降 	放假 1 2 3 	
1986-11	立冬 小雪 		
1986-12	大雪 冬至 		
1987-01	小寒 大寒 	放假 1 29 30 31 	
1987-02	立春 雨水 		
1987-03	惊蛰 春分 		
1987-04	清明 谷雨 		
1987-05	立夏 小满 	放假 1 2 31 	
1987-06	芒种 夏至 		
1987-07	小暑 大暑 		
1987-08	立秋 处暑 		
1987-09	白露 秋分 		
1987-10	寒露 霜降 	放假 1 2 3 7 	
1987-11	立冬 小雪 		
1987-12	大雪 冬至 		
1988-01	小寒 大寒 	放假 1 	
1988-02	立春 雨水 	放假 17 18 19 	
1988-03	惊蛰 春分 		
1988-04	清明 谷雨 		
1988-05	立夏 小满 	放假 1 2 	
1988-06	芒种 夏至 	放假 18 	
1988-07	小暑 大暑 		
1988-08	立秋 处暑 		
1988-09	白露 秋分 	放假 25 	
1988-10	寒露 霜降 	放假 1 2 3 	
1988-11	立冬 小雪 		
1988-12	大雪 冬至 		
1989-01	小寒 大寒 	放假 1 	
1989-02	立春 雨水 	放假 6 7 8 	
1989-03	惊蛰 春分 		
1989-04	清明 谷雨 		
1989-05	立夏 小满 	放假 1 2 	
1989-06	芒种 夏至 	放假 8 	
1989-07	小暑 大暑 		
1989-08	立秋 处暑 		
1989-09	白露 秋分 	放假 14 	
1989-10	寒露 霜降 	放假 1 2 3 	
1989-11	立冬 小雪 		
1989-12	大雪 冬至 		
1990-01	小寒 大寒 	放假 1 27 28 29 	
1990-02	立春 雨水 		
1990-03	惊蛰 春分 		
1990-04	清明 谷雨 		
1990-05	立夏 小满 	放假 1 2 28 	
1990-06	芒种 夏至 	放假 27 	
1990-07	小暑 大暑 		
1990-08	立秋 处暑 		
1990-09	白露 秋分 		
1990-10	寒露 霜降 	放假 1 2 3 	
1990-11	立冬 小雪 		
1990-12	大雪 冬至 		
1991-01	小寒 大寒 	放假 1 	
1991-02	立春 雨水 	放假 15 16 17 	
1991-03	惊蛰 春分 		
1991-04	清明 谷雨 		
1991-05	立夏 小满 	放假 1 2 	
1991-06	芒种 夏至 	放假 16 	
1991-07	小暑 大暑 		
1991-08	立秋 处暑 		
1991-09	白露 秋分 	放假 22 	
1991-10	寒露 霜降 	放假 1 2 3 	
1991-11	立冬 小雪 		
1991-12	大雪 冬至 		
1992-01	小寒 大寒 	放假 1 	
1992-02	立春 雨水 	放假 4 5 6 	
1992-03	惊蛰 春分 		
1992-04	清明 谷雨 		
1992-05	立夏 小满 	放假 1 2 	
1992-06	芒种 夏至 	放假 5 	
1992-07	小暑 大暑 		
1992-08	立秋 处暑 		
1992-09	白露 秋分 	放假 11 	
1992-10	寒露 霜降 	放假 1 2 3 	
1992-11	立冬 小雪 		
1992-12	大雪 冬至 		
1993-01	小寒 大寒 	放假 1 23 24 25 	
1993-02	立春 雨水 		
1993-03	惊蛰 春分 		
1993-04	清明 谷雨 		
1993-05	立夏 小满 	放假 1 2 	
1993-06	芒种 夏至 	放假 24 	
1993-07	小暑 大暑 		
1993-08	立秋 处暑 		
1993-09	白露 秋分 	放假 30 	
1993-10	寒露 霜降 	放假 1 2 3 	
1993-11	立冬 小雪 		
1993-12	大雪 冬至 		
1994-01	小寒 大寒 	放假 1 	
1994-02	立春 雨水 	放假 10 11 12 	
1994-03	惊蛰 春分 		
1994-04	清明 谷雨 		
1994-05	立夏 小满 	放假 1 2 	
1994-06	芒种 夏至 	放假 13 	
1994-07	小暑 大暑 		
1994-08	立秋 处暑 		
1994-09	白露 秋分 	放假 20 	
1994-10	寒露 霜降 	放假 1 2 3 	
1994-11	立冬 小雪 		
1994-12	大雪 冬至 		
1995-01	小寒 大寒 	放假 1 31 	
1995-02	立春 雨水 	放假 1 2 	
1995-03	惊蛰 春分 		
1995-04	清明 谷雨 		
1995-05	立夏 小满 	放假 1 2 	
1995-06	芒种 夏至 	放假 2 	
1995-07	小暑 大暑 		
1995-08	立秋 处暑 		
1995-09	白露 秋分 	放假 9 	
1995-10	寒露 霜降 	放假 1 2 3 9 	
1995-11	立冬 小雪 		
1995-12	大雪 冬至 		
1996-01	小寒 大寒 	放假 1 	
1996-02	立春 雨水 	放假 19 20 21 	
1996-03	惊蛰 春分 		
1996-04	清明 谷雨 		
1996-05	立夏 小满 	放假 1 2 	
1996-06	芒种 夏至 	放假 20 	
1996-07	小暑 大暑 		
1996-08	立秋 处暑 		
1996-09	白露 秋分 	放假 27 	
1996-10	寒露 霜降 	放假 1 2 3 	
1996-11	立冬 小雪 		
1996-12	大雪 冬至 		
1997-01	小寒 大寒 	放假 1 	
1997-02	立春 雨水 	放假 7 8 9 	
1997-03	惊蛰 春分 		
1997-04	清明 谷雨 		
1997-05	立夏 小满 	放假 1 2 	
1997-06	芒种 夏至 	放假 9 	
1997-07	小暑 大暑 		
1997-08	立秋 处暑 		
1997-09	白露 秋分 	放假 16 	
1997-10	寒露 霜降 	放假 1 2 3 	
1997-11	立冬 小雪 		
1997-12	大雪 冬至 		
1998-01	小寒 大寒 	放假 1 28 29 30 	
1998-02	立春 雨水 		
1998-03	惊蛰 春分 		
1998-04	清明 谷雨 		
1998-05	立夏 小满 	放假 1 2 30 	
1998-06	芒种 夏至 	放假 28 	
1998-07	小暑 大暑 		
1998-08	立秋 处暑 		
1998-09	白露 秋分 		
1998-10	寒露 霜降 	放假 1 2 3 5 	
1998-11	立冬 小雪 		
1998-12	大雪 冬至 		
1999-01	小寒 大寒 	放假 1 	
1999-02	立春 雨水 	放假 16 17 18 	
1999-03	惊蛰 春分 		
1999-04	清明 谷雨 		
1999-05	立夏 小满 	放假 1 2 	
1999-06	芒种 夏至 	放假 18 	
1999-07	小暑 大暑 		
1999-08	立秋 处暑 		
1999-09	白露 秋分 	放假 24 	
1999-10	寒露 霜降 	放假 1 2 3 	
1999-11	立冬 小雪 		
1999-12	大雪 冬至 		
2000-01	小寒 大寒 	放假 1 	
2000-02	立春 雨水 	放假 5 6 7 	
2000-03	惊蛰 春分 		
2000-04	清明 谷雨 		
2000-05	立夏 小满 	放假 1 2 	
2000-06	芒种 夏至 	放假 6 	
2000-07	小暑 大暑 		
2000-08	立秋 处暑 		
2000-09	白露 秋分 	放假 12 	
2000-10	寒露 霜降 	放假 1 2 3 	
2000-11	立冬 小雪 		
2000-12	大雪 冬至 		
2001-01	小寒 大寒 	放假 1 24 25 26 	
2001-02	立春 雨水 		
2001-03	惊蛰 春分 		
2001-04	清明 谷雨 		
2001-05	立夏 小满 	放假 1 2 	
2001-06	芒种 夏至 	放假 25 	
2001-07	小暑 大暑 		
2001-08	立秋 处暑 		
2001-09	白露 秋分 		
2001-10	寒露 霜降 	放假 1 2 3 	
2001-11	立冬 小雪 		
2001-12	大雪 冬至 		工作 29 30 
2002-01	小寒 大寒 	放假 1 2 3 	
2002-02	立春 雨水 	放假 12 13 14 15 16 17 18 	工作 9 10 
2002-03	惊蛰 春分 		
2002-04	清明 谷雨 		工作 27 28 
2002-05	立夏 小满 	放假 1 2 3 4 5 6 7 	
2002-06	芒种 夏至 	放假 15 	
2002-07	小暑 大暑 		
2002-08	立秋 处暑 		
2002-09	白露 秋分 	放假 21 	工作 28 29 
2002-10	寒露 霜降 	放假 1 2 3 4 5 6 7 	
2002-11	立冬 小雪 		
2002-12	大雪 冬至 		
2003-01	小寒 大寒 	放假 1 	
2003-02	立春 雨水 	放假 1 2 3 4 5 6 7 	工作 8 9 
2003-03	惊蛰 春分 		
2003-04	清明 谷雨 		工作 26 27 
2003-05	立夏 小满 	放假 1 2 3 4 5 6 7 	
2003-06	芒种 夏至 	放假 4 	
2003-07	小暑 大暑 		
2003-08	立秋 处暑 		
2003-09	白露 秋分 	放假 11 	工作 27 28 
2003-10	寒露 霜降 	放假 1 2 3 4 5 6 7 	
2003-11	立冬 小雪 		
2003-12	大雪 冬至 		
2004-01	小寒 大寒 	放假 1 22 23 24 25 26 27 28 	工作 17 18 
2004-02	立春 雨水 		
2004-03	惊蛰 春分 		
2004-04	清明 谷雨 		
2004-05	立夏 小满 	放假 1 2 3 4 5 6 7 	工作 8 9 
2004-06	芒种 夏至 	放假 22 	
2004-07	小暑 大暑 		
2004-08	立秋 处暑 		
2004-09	白露 秋分 	放假 28 	
2004-10	寒露 霜降 	放假 1 2 3 4 5 6 7 	工作 9 10 
2004-11	立冬 小雪 		
2004-12	大雪 冬至 		
2005-01	小寒 大寒 	放假 1 2 3 	
2005-02	立春 雨水 	放假 9 10 11 12 13 14 15 	工作 5 6 
2005-03	惊蛰 春分 		
2005-04	清明 谷雨 		工作 30 
2005-05	立夏 小满 	放假 1 2 3 4 5 6 7 	工作 8 
2005-06	芒种 夏至 	放假 11 	
2005-07	小暑 大暑 		
2005-08	立秋 处暑 		
2005-09	白露 秋分 	放假 18 	
2005-10	寒露 霜降 	放假 1 2 3 4 5 6 7 	工作 8 9 
2005-11	立冬 小雪 		
2005-12	大雪 冬至 		工作 31 
2006-01	小寒 大寒 	放假 1 2 3 29 30 31 	工作 28 
2006-02	立春 雨水 	放假 1 2 3 4 	工作 5 
2006-03	惊蛰 春分 		
2006-04	清明 谷雨 		工作 29 30 
2006-05	立夏 小满 	放假 1 2 3 4 5 6 7 31 	
2006-06	芒种 夏至 		
2006-07	小暑 大暑 		
2006-08	立秋 处暑 		
2006-09	白露 秋分 		工作 30 
2006-10	寒露 霜降 	放假 1 2 3 4 5 6 7 	工作 8 
2006-11	立冬 小雪 		
2006-12	大雪 冬至 		工作 30 31 
2007-01	小寒 大寒 	放假 1 2 3 	
2007-02	立春 雨水 	放假 18 19 20 21 22 23 24 	工作 17 25 
2007-03	惊蛰 春分 		
2007-04	清明 谷雨 		工作 28 29 
2007-05	立夏 小满 	放假 1 2 3 4 5 6 7 	
2007-06	芒种 夏至 	放假 19 	
2007-07	小暑 大暑 		
2007-08	立秋 处暑 		
2007-09	白露 秋分 	放假 25 	工作 29 30 
2007-10	寒露 霜降 	放假 1 2 3 4 5 6 7 	
2007-11	立冬 小雪 		
2007-12	大雪 冬至 	放假 30 31 	工作 29 
2008-01	小寒 大寒 	放假 1 	
2008-02	立春 雨水 	放假 6 7 8 9 10 11 12 	工作 2 3 
2008-03	惊蛰 春分 		
2008-04	清明 谷雨 	放假 4 5 6 	
2008-05	立夏 小满 	放假 1 2 3 	工作 4 
2008-06	芒种 夏至 	放假 7 8 9 	
2008-07	小暑 大暑 		
2008-08	立秋 处暑 		
2008-09	白露 秋分 	放假 13 14 15 29 30 	工作 27 28 
2008-10	寒露 霜降 	放假 1 2 3 4 5 	
2008-11	立冬 小雪 		
2008-12	大雪 冬至 		
2009-01	小寒 大寒 	放假 1 2 3 25 26 27 28 29 30 31 	工作 4 24 
2009-02	立春 雨水 		工作 1 
2009-03	惊蛰 春分 		
2009-04	清明 谷雨 	放假 4 5 6 	
2009-05	立夏 小满 	放假 1 2 3 28 29 30 	工作 31 
2009-06	芒种 夏至 	放假 27 	
2009-07	小暑 大暑 		
2009-08	立秋 处暑 		
2009-09	白露 秋分 		工作 27 
2009-10	寒露 霜降 	放假 1 2 3 4 5 6 7 8 	工作 10 
2009-11	立冬 小雪 		
2009-12	大雪 冬至 		
2010-01	小寒 大寒 	放假 1 2 3 	
2010-02	立春 雨水 	放假 13 14 15 16 17 18 19 	工作 20 21 
2010-03	惊蛰 春分 		
2010-04	清明 谷雨 	放假 3 4 5 	
2010-05	立夏 小满 	放假 1 2 3 	
2010-06	芒种 夏至 	放假 14 15 16 	工作 12 13 
2010-07	小暑 大暑 		
2010-08	立秋 处暑 		
2010-09	白露 秋分 	放假 22 23 24 	工作 19 25 26 
2010-10	寒露 霜降 	放假 1 2 3 4 5 6 7 	工作 9 
2010-11	立冬 小雪 		
2010-12	大雪 冬至 		
2011-01	小寒 大寒 	放假 1 2 3 	工作 30 
2011-02	立春 雨水 	放假 2 3 4 5 6 7 8 	工作 12 
2011-03	惊蛰 春分 		
2011-04	清明 谷雨 	放假 3 4 5 30 	工作 2 
2011-05	立夏 小满 	放假 1 2 	
2011-06	芒种 夏至 	放假 4 5 6 	
2011-07	小暑 大暑 		
2011-08	立秋 处暑 		
2011-09	白露 秋分 	放假 10 11 12 	
2011-10	寒露 霜降 	放假 1 2 3 4 5 6 7 	工作 8 9 
2011-11	立冬 小雪 		
2011-12	大雪 冬至 		工作 31 
2012-01	小寒 大寒 	放假 1 2 3 22 23 24 25 26 27 28 	工作 21 29 
2012-02	立春 雨水 		
2012-03	惊蛰 春分 		工作 31 
2012-04	清明 谷雨 	放假 2 3 4 29 30 	工作 1 28 
2012-05	立夏 小满 	放假 1 	工作 2 
2012-06	芒种 夏至 	放假 22 23 24 	
2012-07	小暑 大暑 		
2012-08	立秋 处暑 		
2012-09	白露 秋分 	放假 30 	工作 29 
2012-10	寒露 霜降 	放假 1 2 3 4 5 6 7 	工作 8 
2012-11	立冬 小雪 		
2012-12	大雪 冬至 		
2013-01	小寒 大寒 	放假 1 2 3 	工作 5 6 
2013-02	立春 雨水 	放假 9 10 11 12 13 14 15 	工作 16 17 
2013-03	惊蛰 春分 		
2013-04	清明 谷雨 	放假 4 5 6 29 30 	工作 27 28 
2013-05	立夏 小满 	放假 1 2 	
2013-06	芒种 夏至 	放假 10 11 12 	工作 8 9 
2013-07	小暑 大暑 		
2013-08	立秋 处暑 		
2013-09	白露 秋分 	放假 19 20 21 	工作 22 29 
2013-10	寒露 霜降 	放假 1 2 3 4 5 6 7 	
2013-11	立冬 小雪 		
2013-12	大雪 冬至 		
2014-01	小寒 大寒 	放假 1 31 	工作 26 
2014-02	立春 雨水 	放假 1 2 3 4 5 6 	工作 8 
2014-03	惊蛰 春分 		
2014-04	清明 谷雨 	放假 5 6 7 	
2014-05	立夏 小满 	放假 1 2 3 31 	工作 4 
2014-06	芒种 夏至 	放假 1 2 	
2014-07	小暑 大暑 		
2014-08	立秋 处暑 		
2014-09	白露 秋分 	放假 6 7 8 	工作 28 
2014-10	寒露 霜降 	放假 1 2 3 4 5 6 7 	工作 11 
2014-11	立冬 小雪 		
2014-12	大雪 冬至 		
2015-01	小寒 大寒 	放假 1 2 3 	工作 4 
2015-02	立春 雨水 	放假 18 19 20 21 22 23 24 	工作 15 28 
2015-03	惊蛰 春分 		
2015-04	清明 谷雨 	放假 4 5 6 	
2015-05	立夏 小满 	放假 1 2 3 	
2015-06	芒种 夏至 	放假 20 21 22 	
2015-07	小暑 大暑 		
2015-08	立秋 处暑 		
2015-09	白露 秋分 	放假 3 4 5 26 27 	工作 6 
2015-10	寒露 霜降 	放假 1 2 3 4 5 6 7 	工作 10 
2015-11	立冬 小雪 		
2015-12	大雪 冬至 		
2016-01	小寒 大寒 	放假 1 2 3 	
2016-02	立春 雨水 	放假 7 8 9 10 11 12 13 	工作 6 14 
2016-03	惊蛰 春分 		
2016-04	清明 谷雨 	放假 2 3 4 30 	
2016-05	立夏 小满 	放假 1 2 	
2016-06	芒种 夏至 	放假 9 10 11 	工作 12 
2016-07	小暑 大暑 		
2016-08	立秋 处暑 		
2016-09	白露 秋分 	放假 15 16 17 	工作 18 
2016-10	寒露 霜降 	放假 1 2 3 4 5 6 7 	工作 8 9 
2016-11	立冬 小雪 		
2016-12	大雪 冬至 	放假 31 	
2017-01	小寒 大寒 	放假 1 2 27 28 29 30 31 	工作 22 
2017-02	立春 雨水 	放假 1 2 	工作 4 
2017-03	惊蛰 春分 		
2017-04	清明 谷雨 	放假 2 3 4 29 30 	工作 1 
2017-05	立夏 小满 	放假 1 2 28 29 30 	工作 27 
2017-06	芒种 夏至 		
2017-07	小暑 大暑 		
2017-08	立秋 处暑 		
2017-09	白露 秋分 		工作 30 
2017-10	寒露 霜降 	放假 1 2 3 4 5 6 7 8 	
2017-11	立冬 小雪 		
2017-12	大雪 冬至 	放假 30 31 	
2018-01	小寒 大寒 	放假 1 	
2018-02	立春 雨水 	放假 15 16 17 18 19 20 21 	工作 11 24 
2018-03	惊蛰 春分 		
2018-04	清明 谷雨 	放假 5 6 7 29 30 	工作 8 28 
2018-05	立夏 小满 	放假 1 2 	
2018-06	芒种 夏至 	放假 16 17 18 	
2018-07	小暑 大暑 		
2018-08	立秋 处暑 		
2018-09	白露 秋分 	放假 22 23 24 	工作 29 30 
2018-10	寒露 霜降 	放假 1 2 3 4 5 6 7 	
2018-11	立冬 小雪 		
2018-12	大雪 冬至 	放假 30 31 	工作 29 
2019-01	小寒 大寒 	放假 1 	
2019-02	立春 雨水 	放假 4 5 6 7 8 9 10 	工作 2 3 
2019-03	惊蛰 春分 		
2019-04	清明 谷雨 	放假 5 6 7 	工作 28 
2019-05	立夏 小满 	放假 1 2 3 4 	工作 5 
2019-06	芒种 夏至 	放假 7 8 9 	
2019-07	小暑 大暑 		
2019-08	立秋 处暑 		
2019-09	白露 秋分 	放假 13 14 15 	工作 29 
2019-10	寒露 霜降 	放假 1 2 3 4 5 6 7 	工作 12 
2019-11	立冬 小雪 		
2019-12	大雪 冬至 		
2020-01	小寒 大寒 	放假 1 24 25 26 27 28 29 30 31 	工作 19 
2020-02	立春 雨水 	放假 1 2 	
2020-03	惊蛰 春分 		
2020-04	清明 谷雨 	放假 4 5 6 	工作 26 
2020-05	立夏 小满 	放假 1 2 3 4 5 	工作 9 
2020-06	芒种 夏至 	放假 25 26 27 	工作 28 
2020-07	小暑 大暑 		
2020-08	立秋 处暑 		
2020-09	白露 秋分 		工作 27 
2020-10	寒露 霜降 	放假 1 2 3 4 5 6 7 8 	工作 10 
2020-11	立冬 小雪 		
2020-12	大雪 冬至 		
2021-01	小寒 大寒 	放假 1 2 3 	
2021-02	立春 雨水 	放假 11 12 13 14 15 16 17 	工作 7 20 
2021-03	惊蛰 春分 		
2021-04	清明 谷雨 	放假 3 4 5 	工作 25 
2021-05	立夏 小满 	放假 1 2 3 4 5 	工作 8 
2021-06	芒种 夏至 	放假 12 13 14 	
2021-07	小暑 大暑 		
2021-08	立秋 处暑 		
2021-09	白露 秋分 	放假 19 20 21 	工作 18 26 
2021-10	寒露 霜降 	放假 1 2 3 4 5 6 7 	工作 9 
2021-11	立冬 小雪 		
2021-12	大雪 冬至 		
2022-01	小寒 大寒 	放假 1 2 3 31 	工作 29 30 
2022-02	立春 雨水 	放假 1 2 3 4 5 6 	
2022-03	惊蛰 春分 		
2022-04	清明 谷雨 	放假 3 4 5 30 	工作 2 24 
2022-05	立夏 小满 	放假 1 2 3 4 	工作 7 
2022-06	芒种 夏至 	放假 3 4 5 	
2022-07	小暑 大暑 		
2022-08	立秋 处暑 		
2022-09	白露 秋分 	放假 10 11 12 	
2022-10	寒露 霜降 	放假 1 2 3 4 5 6 7 	工作 8 9 
2022-11	立冬 小雪 		
2022-12	大雪 冬至 	放假 31 	
2023-01	小寒 大寒 	放假 1 2 21 22 23 24 25 26 27 	工作 28 29 
2023-02	立春 雨水 		
2023-03	惊蛰 春分 		
2023-04	清明 谷雨 	放假 5 29 30 	工作 23 
2023-05	立夏 小满 	放假 1 2 3 	工作 6 
2023-06	芒种 夏至 	放假 22 23 24 	工作 25 
2023-07	小暑 大暑 		
2023-08	立秋 处暑 		
2023-09	白露 秋分 	放假 29 30 	
2023-10	寒露 霜降 	放假 1 2 3 4 5 6 	工作 7 8 
2023-11	立冬 小雪 		
2023-12	大雪 冬至 	放假 30 31 	
2024-01	小寒 大寒 	放假 1 	
2024-02	立春 雨水 	放假 10 11 12 13 14 15 16 17 	工作 4 18 
2024-03	惊蛰 春分 		
2024-04	清明 谷雨 	放假 4 5 6 	工作 7 28 
2024-05	立夏 小满 	放假 1 2 3 4 5 	工作 11 
2024-06	芒种 夏至 	放假 8 9 10 	
2024-07	小暑 大暑 		
2024-08	立秋 处暑 		
2024-09	白露 秋分 	放假 15 16 17 	工作 14 29 
2024-10	寒露 霜降 	放假 1 2 3 4 5 6 7 	工作 12 
2024-11	立冬 小雪 		
2024-12	大雪 冬至 		
2025-01	小寒 大寒 	放假 1 28 29 30 31 	工作 26 
2025-02	立春 雨水 	放假 1 2 3 4 	工作 8 
2025-03	惊蛰 春分 		
2025-04	清明 谷雨 	放假 4 5 6 	工作 27 
2025-05	立夏 小满 	放假 1 2 3 4 5 31 	
2025-06	芒种 夏至 	放假 1 2 	
2025-07	小暑 大暑 		
2025-08	立秋 处暑 		
2025-09	白露 秋分 		工作 28 
2025-10	寒露 霜降 	放假 1 2 3 4 5 6 7 8 	工作 11 
2025-11	立冬 小雪 		
2025-12	大雪 冬至 		
2026-01	小寒 大寒 	放假 1 	
2026-02	立春 雨水 	放假 17 18 19 	
2026-03	惊蛰 春分 		
2026-04	清明 谷雨 		
2026-05	立夏 小满 	放假 1 2 	
2026-06	芒种 夏至 	放假 19 	
2026-07	小暑 大暑 		
2026-08	立秋 处暑 		
2026-09	白露 秋分 	放假 25 	
2026-10	寒露 霜降 	放假 1 2 3 	
2026-11	立冬 小雪 		
2026-12	大雪 冬至 		
2027-01	小寒 大寒 	放假 1 	
2027-02	立春 雨水 	放假 6 7 8 	
2027-03	惊蛰 春分 		
2027-04	清明 谷雨 		
2027-05	立夏 小满 	放假 1 2 	
2027-06	芒种 夏至 	放假 9 	
2027-07	小暑 大暑 		
2027-08	立秋 处暑 		
2027-09	白露 秋分 	放假 15 	
2027-10	寒露 霜降 	放假 1 2 3 	
2027-11	立冬 小雪 		
2027-12	大雪 冬至 		
2028-01	小寒 大寒 	放假 1 26 27 28 	
2028-02	立春 雨水 		
2028-03	惊蛰 春分 		
2028-04	清明 谷雨 		
2028-05	立夏 小满 	放假 1 2 28 	
2028-06	芒种 夏至 	放假 27 	
2028-07	小暑 大暑 		
2028-08	立秋 处暑 		
2028-09	白露 秋分 		
2028-10	寒露 霜降 	放假 1 2 3 	
2028-11	立冬 小雪 		
2028-12	大雪 冬至 		
2029-01	小寒 大寒 	放假 1 	
2029-02	立春 雨水 	放假 13 14 15 	
2029-03	惊蛰 春分 		
2029-04	清明 谷雨 		
2029-05	立夏 小满 	放假 1 2 	
2029-06	芒种 夏至 	放假 16 	
2029-07	小暑 大暑 		
2029-08	立秋 处暑 		
2029-09	白露 秋分 	放假 22 	
2029-10	寒露 霜降 	放假 1 2 3 	
2029-11	立冬 小雪 		
2029-12	大雪 冬至 		
2030-01	小寒 大寒 	放假 1 	
2030-02	立春 雨水 	放假 3 4 5 	
2030-03	惊蛰 春分 		
2030-04	清明 谷雨 		
2030-05	立夏 小满 	放假 1 2 	
2030-06	芒种 夏至 	放假 5 	
2030-07	小暑 大暑 		
2030-08	立秋 处暑 		
2030-09	白露 秋分 	放假 12 	
2030-10	寒露 霜降 	放假 1 2 3 	
2030-11	立冬 小雪 		
2030-12	大雪 冬至 		
2031-01	小寒 大寒 	放假 1 23 24 25 	
2031-02	立春 雨水 		
2031-03	惊蛰 春分 		
2031-04	清明 谷雨 		
2031-05	立夏 小满 	放假 1 2 	
2031-06	芒种 夏至 	放假 24 	
2031-07	小暑 大暑 		
2031-08	立秋 处暑 		
2031-09	白露 秋分 		
2031-10	寒露 霜降 	放假 1 2 3 	
2031-11	立冬 小雪 		
2031-12	大雪 冬至 		
2032-01	小寒 大寒 	放假 1 	
2032-02	立春 雨水 	放假 11 12 13 	
2032-03	惊蛰 春分 		
2032-04	清明 谷雨 		
2032-05	立夏 小满 	放假 1 2 	
2032-06	芒种 夏至 	放假 12 	
2032-07	小暑 大暑 		
2032-08	立秋 处暑 		
2032-09	白露 秋分 	放假 19 	
2032-10	寒露 霜降 	放假 1 2 3 	
2032-11	立冬 小雪 		
2032-12	大雪 冬至 		
2033-01	小寒 大寒 	放假 1 31 	
2033-02	立春 雨水 	放假 1 2 	
2033-03	惊蛰 春分 		
2033-04	清明 谷雨 		
2033-05	立夏 小满 	放假 1 2 	
2033-06	芒种 夏至 	放假 1 	
2033-07	小暑 大暑 		
2033-08	立秋 处暑 		
2033-09	白露 秋分 	放假 8 	
2033-10	寒露 霜降 	放假 1 2 3 	
2033-11	立冬 小雪 		
2033-12	大雪 冬至 		
2034-01	小寒 大寒 	放假 1 	
2034-02	立春 雨水 	放假 19 20 21 	
2034-03	惊蛰 春分 		
2034-04	清明 谷雨 		
2034-05	立夏 小满 	放假 1 2 	
2034-06	芒种 夏至 	放假 20 	
2034-07	小暑 大暑 		
2034-08	立秋 处暑 		
2034-09	白露 秋分 	放假 27 	
2034-10	寒露 霜降 	放假 1 2 3 	
2034-11	立冬 小雪 		
2034-12	大雪 冬至 		
2035-01	小寒 大寒 	放假 1 	
2035-02	立春 雨水 	放假 8 9 10 	
2035-03	惊蛰 春分 		
2035-04	清明 谷雨 		
2035-05	立夏 小满 	放假 1 2 	
2035-06	芒种 夏至 	放假 10 	
2035-07	小暑 大暑 		
2035-08	立秋 处暑 		
2035-09	白露 秋分 	放假 16 	
2035-10	寒露 霜降 	放假 1 2 3 	
2035-11	立冬 小雪 		
2035-12	大雪 冬至 		
2036-01	小寒 大寒 	放假 1 28 29 30 	
2036-02	立春 雨水 		
2036-03	惊蛰 春分 		
2036-04	清明 谷雨 		
2036-05	立夏 小满 	放假 1 2 30 	
2036-06	芒种 夏至 		
2036-07	小暑 大暑 		
2036-08	立秋 处暑 		
2036-09	白露 秋分 		
2036-10	寒露 霜降 	放假 1 2 3 4 	
2036-11	立冬 小雪 		
2036-12	大雪 冬至 		
2037-01	小寒 大寒 	放假 1 	
2037-02	立春 雨水 	放假 15 16 17 	
2037-03	惊蛰 春分 		
2037-04	清明 谷雨 		
2037-05	立夏 小满 	放假 1 2 	
2037-06	芒种 夏至 	放假 18 	
2037-07	小暑 大暑 		
2037-08	立秋 处暑 		
2037-09	白露 秋分 	放假 24 	
2037-10	寒露 霜降 	放假 1 2 3 	
2037-11	立冬 小雪 		
2037-12	大雪 冬至 		
2038-01	小寒 大寒 	放假 1 	
2038-02	立春 雨水 	放假 4 5 6 	
2038-03	惊蛰 春分 		
2038-04	清明 谷雨 		
2038-05	立夏 小满 	放假 1 2 	
2038-06	芒种 夏至 	放假 7 	
2038-07	小暑 大暑 		
2038-08	立秋 处暑 		
2038-09	白露 秋分 	放假 13 	
2038-10	寒露 霜降 	放假 1 2 3 	
2038-11	立冬 小雪 		
2038-12	大雪 冬至 		
2039-01	小寒 大寒 	放假 1 24 25 26 	
2039-02	立春 雨水 		
2039-03	惊蛰 春分 		
2039-04	清明 谷雨 		
2039-05	立夏 小满 	放假 1 2 27 	
2039-06	芒种 夏至 	放假 26 	
2039-07	小暑 大暑 		
2039-08	立秋 处暑 		
2039-09	白露 秋分 		
2039-10	寒露 霜降 	放假 1 2 3 	
2039-11	立冬 小雪 		
2039-12	大雪 冬至 		
2040-01	小寒 大寒 	放假 1 	
2040-02	立春 雨水 	放假 12 13 14 	
2040-03	惊蛰 春分 		
2040-04	清明 谷雨 		
2040-05	立夏 小满 	放假 1 2 	
2040-06	芒种 夏至 	放假 14 	
2040-07	小暑 大暑 		
2040-08	立秋 处暑 		
2040-09	白露 秋分 	放假 20 	
2040-10	寒露 霜降 	放假 1 2 3 	
2040-11	立冬 小雪 		
2040-12	大雪 冬至 		
2041-01	小寒 大寒 	放假 1 	
2041-02	立春 雨水 	放假 1 2 3 	
2041-03	惊蛰 春分 		
2041-04	清明 谷雨 		
2041-05	立夏 小满 	放假 1 2 	
2041-06	芒种 夏至 	放假 3 	
2041-07	小暑 大暑 		
2041-08	立秋 处暑 		
2041-09	白露 秋分 	放假 10 	
2041-10	寒露 霜降 	放假 1 2 3 	
2041-11	立冬 小雪 		
2041-12	大雪 冬至 		
2042-01	小寒 大寒 	放假 1 22 23 24 	
2042-02	立春 雨水 		
2042-03	惊蛰 春分 		
2042-04	清明 谷雨 		
2042-05	立夏 小满 	放假 1 2 	
2042-06	芒种 夏至 	放假 22 	
2042-07	小暑 大暑 		
2042-08	立秋 处暑 		
2042-09	白露 秋分 	放假 28 	
2042-10	寒露 霜降 	放假 1 2 3 	
2042-11	立冬 小雪 		
2042-12	大雪 冬至 		
2043-01	小寒 大寒 	放假 1 	
2043-02	立春 雨水 	放假 10 11 12 	
2043-03	惊蛰 春分 		
2043-04	清明 谷雨 		
2043-05	立夏 小满 	放假 1 2 	
2043-06	芒种 夏至 	放假 11 	
2043-07	小暑 大暑 		
2043-08	立秋 处暑 		
2043-09	白露 秋分 	放假 17 	
2043-10	寒露 霜降 	放假 1 2 3 	
2043-11	立冬 小雪 		
2043-12	大雪 冬至 		
2044-01	小寒 大寒 	放假 1 30 31 	
2044-02	立春 雨水 	放假 1 	
2044-03	惊蛰 春分 		
2044-04	清明 谷雨 		
2044-05	立夏 小满 	放假 1 2 31 	
2044-06	芒种 夏至 		
2044-07	小暑 大暑 		
2044-08	立秋 处暑 		
2044-09	白露 秋分 		
2044-10	寒露 霜降 	放假 1 2 3 5 	
2044-11	立冬 小雪 		
2044-12	大雪 冬至 		
2045-01	小寒 大寒 	放假 1 	
2045-02	立春 雨水 	放假 17 18 19 	
2045-03	惊蛰 春分 		
2045-04	清明 谷雨 		
2045-05	立夏 小满 	放假 1 2 	
2045-06	芒种 夏至 	放假 19 	
2045-07	小暑 大暑 		
2045-08	立秋 处暑 		
2045-09	白露 秋分 	放假 25 	
2045-10	寒露 霜降 	放假 1 2 3 	
2045-11	立冬 小雪 		
2045-12	大雪 冬至 		
2046-01	小寒 大寒 	放假 1 	
2046-02	立春 雨水 	放假 6 7 8 	
2046-03	惊蛰 春分 		
2046-04	清明 谷雨 		
2046-05	立夏 小满 	放假 1 2 	
2046-06	芒种 夏至 	放假 8 	
2046-07	小暑 大暑 		
2046-08	立秋 处暑 		
2046-09	白露 秋分 	放假 15 	
2046-10	寒露 霜降 	放假 1 2 3 	
2046-11	立冬 小雪 		
2046-12	大雪 冬至 		
2047-01	小寒 大寒 	放假 1 26 27 28 	
2047-02	立春 雨水 		
2047-03	惊蛰 春分 		
2047-04	清明 谷雨 		
2047-05	立夏 小满 	放假 1 2 29 	
2047-06	芒种 夏至 	放假 27 	
2047-07	小暑 大暑 		
2047-08	立秋 处暑 		
2047-09	白露 秋分 		
2047-10	寒露 霜降 	放假 1 2 3 4 	
2047-11	立冬 小雪 		
2047-12	大雪 冬至 		
2048-01	小寒 大寒 	放假 1 	
2048-02	立春 雨水 	放假 14 15 16 	
2048-03	惊蛰 春分 		
2048-04	清明 谷雨 		
2048-05	立夏 小满 	放假 1 2 	
2048-06	芒种 夏至 	放假 15 	
2048-07	小暑 大暑 		
2048-08	立秋 处暑 		
2048-09	白露 秋分 	放假 22 	
2048-10	寒露 霜降 	放假 1 2 3 	
2048-11	立冬 小雪 		
2048-12	大雪 冬至 		
2049-01	小寒 大寒 	放假 1 	
2049-02	立春 雨水 	放假 2 3 4 	
2049-03	惊蛰 春分 		
2049-04	清明 谷雨 		
2049-05	立夏 小满 	放假 1 2 	
2049-06	芒种 夏至 	放假 4 	
2049-07	小暑 大暑 		
2049-08	立秋 处暑 		
2049-09	白露 秋分 	放假 11 	
2049-10	寒露 霜降 	放假 1 2 3 	
2049-11	立冬 小雪 		
2049-12	大雪 冬至 		
2050-01	小寒 大寒 	放假 1 23 24 25 	
2050-02	立春 雨水 		
2050-03	惊蛰 春分 		
2050-04	清明 谷雨 		
2050-05	立夏 小满 	放假 1 2 	
2050-06	芒种 夏至 	放假 23 	
2050-07	小暑 大暑 		
2050-08	立秋 处暑 		
2050-09	白露 秋分 	放假 30 	
2050-10	寒露 霜降 	放假 1 2 3 	
2050-11	立冬 小雪 		
2050-12	大雪 冬至 		
2051-01	小寒 大寒 	放假 1 	
2051-02	立春 雨水 	放假 11 12 13 	
2051-03	惊蛰 春分 		
2051-04	清明 谷雨 		
2051-05	立夏 小满 	放假 1 2 	
2051-06	芒种 夏至 	放假 13 	
2051-07	小暑 大暑 		
2051-08	立秋 处暑 		
2051-09	白露 秋分 	放假 19 	
2051-10	寒露 霜降 	放假 1 2 3 	
2051-11	立冬 小雪 		
2051-12	大雪 冬至 		
2052-01	小寒 大寒 	放假 1 	
2052-02	立春 雨水 	放假 1 2 3 	
2052-03	惊蛰 春分 		
2052-04	清明 谷雨 		
2052-05	立夏 小满 	放假 1 2 	
2052-06	芒种 夏至 	放假 1 	
2052-07	小暑 大暑 		
2052-08	立秋 处暑 		
2052-09	白露 秋分 	放假 7 	
2052-10	寒露 霜降 	放假 1 2 3 7 	
2052-11	立冬 小雪 		
2052-12	大雪 冬至 		
2053-01	小寒 大寒 	放假 1 	
2053-02	立春 雨水 	放假 19 20 21 	
2053-03	惊蛰 春分 		
2053-04	清明 谷雨 		
2053-05	立夏 小满 	放假 1 2 	
2053-06	芒种 夏至 	放假 20 	
2053-07	小暑 大暑 		
2053-08	立秋 处暑 		
2053-09	白露 秋分 	放假 26 	
2053-10	寒露 霜降 	放假 1 2 3 	
2053-11	立冬 小雪 		
2053-12	大雪 冬至 		
2054-01	小寒 大寒 	放假 1 	
2054-02	立春 雨水 	放假 8 9 10 	
2054-03	惊蛰 春分 		
2054-04	清明 谷雨 		
2054-05	立夏 小满 	放假 1 2 	
2054-06	芒种 夏至 	放假 10 	
2054-07	小暑 大暑 		
2054-08	立秋 处暑 		
2054-09	白露 秋分 	放假 16 	
2054-10	寒露 霜降 	放假 1 2 3 	
2054-11	立冬 小雪 		
2054-12	大雪 冬至 		
2055-01	小寒 大寒 	放假 1 28 29 30 	
2055-02	立春 雨水 		
2055-03	惊蛰 春分 		
2055-04	清明 谷雨 		
2055-05	立夏 小满 	放假 1 2 30 	
2055-06	芒种 夏至 		
2055-07	小暑 大暑 		
2055-08	立秋 处暑 		
2055-09	白露 秋分 		
2055-10	寒露 霜降 	放假 1 2 3 5 	
2055-11	立冬 小雪 		
2055-12	大雪 冬至 		
2056-01	小寒 大寒 	放假 1 	
2056-02	立春 雨水 	放假 15 16 17 	
2056-03	惊蛰 春分 		
2056-04	清明 谷雨 		
2056-05	立夏 小满 	放假 1 2 	
2056-06	芒种 夏至 	放假 17 	
2056-07	小暑 大暑 		
2056-08	立秋 处暑 		
2056-09	白露 秋分 	放假 24 	
2056-10	寒露 霜降 	放假 1 2 3 	
2056-11	立冬 小雪 		
2056-12	大雪 冬至 		
2057-01	小寒 大寒 	放假 1 	
2057-02	立春 雨水 	放假 4 5 6 	
2057-03	惊蛰 春分 		
2057-04	清明 谷雨 		
2057-05	立夏 小满 	放假 1 2 	
2057-06	芒种 夏至 	放假 6 	
2057-07	小暑 大暑 		
2057-08	立秋 处暑 		
2057-09	白露 秋分 	放假 13 	
2057-10	寒露 霜降 	放假 1 2 3 	
2057-11	立冬 小雪 		
2057-12	大雪 冬至 		
2058-01	小寒 大寒 	放假 1 24 25 26 	
2058-02	立春 雨水 		
2058-03	惊蛰 春分 		
2058-04	清明 谷雨 		
2058-05	立夏 小满 	放假 1 2 	
2058-06	芒种 夏至 	放假 25 	
2058-07	小暑 大暑 		
2058-08	立秋 处暑 		
2058-09	白露 秋分 		
2058-10	寒露 霜降 	放假 1 2 3 	
2058-11	立冬 小雪 		
2058-12	大雪 冬至 		
2059-01	小寒 大寒 	放假 1 	
2059-02	立春 雨水 	放假 12 13 14 	
2059-03	惊蛰 春分 		
2059-04	清明 谷雨 		
2059-05	立夏 小满 	放假 1 2 	
2059-06	芒种 夏至 	放假 14 	
2059-07	小暑 大暑 		
2059-08	立秋 处暑 		
2059-09	白露 秋分 	放假 21 	
2059-10	寒露 霜降 	放假 1 2 3 	
2059-11	立冬 小雪 		
2059-12	大雪 冬至 		
2060-01	小寒 大寒 	放假 1 	
2060-02	立春 雨水 	放假 2 3 4 	
2060-03	惊蛰 春分 		
2060-04	清明 谷雨 		
2060-05	立夏 小满 	放假 1 2 	
2060-06	芒种 夏至 	放假 3 	
2060-07	小暑 大暑 		
2060-08	立秋 处暑 		
2060-09	白露 秋分 	放假 9 	
2060-10	寒露 霜降 	放假 1 2 3 	
2060-11	立冬 小雪 		
2060-12	大雪 冬至 		
2061-01	小寒 大寒 	放假 1 21 22 23 	
2061-02	立春 雨水 		
2061-03	惊蛰 春分 		
2061-04	清明 谷雨 		
2061-05	立夏 小满 	放假 1 2 	
2061-06	芒种 夏至 	放假 22 	
2061-07	小暑 大暑 		
2061-08	立秋 处暑 		
2061-09	白露 秋分 	放假 28 	
2061-10	寒露 霜降 	放假 1 2 3 	
2061-11	立冬 小雪 		
2061-12	大雪 冬至 		
2062-01	小寒 大寒 	放假 1 	
2062-02	立春 雨水 	放假 9 10 11 	
2062-03	惊蛰 春分 		
2062-04	清明 谷雨 		
2062-05	立夏 小满 	放假 1 2 	
2062-06	芒种 夏至 	放假 11 	
2062-07	小暑 大暑 		
2062-08	立秋 处暑 		
2062-09	白露 秋分 	放假 17 	
2062-10	寒露 霜降 	放假 1 2 3 	
2062-11	立冬 小雪 		
2062-12	大雪 冬至 		
2063-01	小寒 大寒 	放假 1 29 30 31 	
2063-02	立春 雨水 		
2063-03	惊蛰 春分 		
2063-04	清明 谷雨 		
2063-05	立夏 小满 	放假 1 2 	
2063-06	芒种 夏至 	放假 1 	
2063-07	小暑 大暑 		
2063-08	立秋 处暑 		
2063-09	白露 秋分 		
2063-10	寒露 霜降 	放假 1 2 3 6 	
2063-11	立冬 小雪 		
2063-12	大雪 冬至 		
2064-01	小寒 大寒 	放假 1 	
2064-02	立春 雨水 	放假 17 18 19 	
2064-03	惊蛰 春分 		
2064-04	清明 谷雨 		
2064-05	立夏 小满 	放假 1 2 	
2064-06	芒种 夏至 	放假 19 	
2064-07	小暑 大暑 		
2064-08	立秋 处暑 		
2064-09	白露 秋分 	放假 25 	
2064-10	寒露 霜降 	放假 1 2 3 	
2064-11	立冬 小雪 		
2064-12	大雪 冬至 		
2065-01	小寒 大寒 	放假 1 	
2065-02	立春 雨水 	放假 5 6 7 	
2065-03	惊蛰 春分 		
2065-04	清明 谷雨 		
2065-05	立夏 小满 	放假 1 2 	
2065-06	芒种 夏至 	放假 8 	
2065-07	小暑 大暑 		
2065-08	立秋 处暑 		
2065-09	白露 秋分 	放假 15 	
2065-10	寒露 霜降 	放假 1 2 3 	
2065-11	立冬 小雪 		
2065-12	大雪 冬至 		
2066-01	小寒 大寒 	放假 1 26 27 28 	
2066-02	立春 雨水 		
2066-03	惊蛰 春分 		
2066-04	清明 谷雨 		
2066-05	立夏 小满 	放假 1 2 28 	
2066-06	芒种 夏至 	放假 27 	
2066-07	小暑 大暑 		
2066-08	立秋 处暑 		
2066-09	白露 秋分 		
2066-10	寒露 霜降 	放假 1 2 3 	
2066-11	立冬 小雪 		
2066-12	大雪 冬至 		
2067-01	小寒 大寒 	放假 1 	
2067-02	立春 雨水 	放假 14 15 16 	
2067-03	惊蛰 春分 		
2067-04	清明 谷雨 		
2067-05	立夏 小满 	放假 1 2 	
2067-06	芒种 夏至 	放假 16 	
2067-07	小暑 大暑 		
2067-08	立秋 处暑 		
2067-09	白露 秋分 	放假 23 	
2067-10	寒露 霜降 	放假 1 2 3 	
2067-11	立冬 小雪 		
2067-12	大雪 冬至 		
2068-01	小寒 大寒 	放假 1 	
2068-02	立春 雨水 	放假 3 4 5 	
2068-03	惊蛰 春分 		
2068-04	清明 谷雨 		
2068-05	立夏 小满 	放假 1 2 	
2068-06	芒种 夏至 	放假 4 	
2068-07	小暑 大暑 		
2068-08	立秋 处暑 		
2068-09	白露 秋分 	放假 11 	
2068-10	寒露 霜降 	放假 1 2 3 	
2068-11	立冬 小雪 		
2068-12	大雪 冬至 		
2069-01	小寒 大寒 	放假 1 23 24 25 	
2069-02	立春 雨水 		
2069-03	惊蛰 春分 		
2069-04	清明 谷雨 		
2069-05	立夏 小满 	放假 1 2 	
2069-06	芒种 夏至 	放假 23 	
2069-07	小暑 大暑 		
2069-08	立秋 处暑 		
2069-09	白露 秋分 	放假 29 	
2069-10	寒露 霜降 	放假 1 2 3 	
2069-11	立冬 小雪 		
2069-12	大雪 冬至 		
2070-01	小寒 大寒 	放假 1 	
2070-02	立春 雨水 	放假 11 12 13 	
2070-03	惊蛰 春分 		
2070-04	清明 谷雨 		
2070-05	立夏 小满 	放假 1 2 	
2070-06	芒种 夏至 	放假 13 	
2070-07	小暑 大暑 		
2070-08	立秋 处暑 		
2070-09	白露 秋分 	放假 19 	
2070-10	寒露 霜降 	放假 1 2 3 	
2070-11	立冬 小雪 		
2070-12	大雪 冬至 		
2071-01	小寒 大寒 	放假 1 31 	
2071-02	立春 雨水 	放假 1 2 	
2071-03	惊蛰 春分 		
2071-04	清明 谷雨 		
2071-05	立夏 小满 	放假 1 2 	
2071-06	芒种 夏至 	放假 2 	
2071-07	小暑 大暑 		
2071-08	立秋 处暑 		
2071-09	白露 秋分 	放假 8 	
2071-10	寒露 霜降 	放假 1 2 3 8 	
2071-11	立冬 小雪 		
2071-12	大雪 冬至 		
2072-01	小寒 大寒 	放假 1 	
2072-02	立春 雨水 	放假 19 20 21 	
2072-03	惊蛰 春分 		
2072-04	清明 谷雨 		
2072-05	立夏 小满 	放假 1 2 	
2072-06	芒种 夏至 	放假 20 	
2072-07	小暑 大暑 		
2072-08	立秋 处暑 		
2072-09	白露 秋分 	放假 26 	
2072-10	寒露 霜降 	放假 1 2 3 	
2072-11	立冬 小雪 		
2072-12	大雪 冬至 		
2073-01	小寒 大寒 	放假 1 	
2073-02	立春 雨水 	放假 7 8 9 	
2073-03	惊蛰 春分 		
2073-04	清明 谷雨 		
2073-05	立夏 小满 	放假 1 2 	
2073-06	芒种 夏至 	放假 10 	
2073-07	小暑 大暑 		
2073-08	立秋 处暑 		
2073-09	白露 秋分 	放假 16 	
2073-10	寒露 霜降 	放假 1 2 3 	
2073-11	立冬 小雪 		
2073-12	大雪 冬至 		
2074-01	小寒 大寒 	放假 1 27 28 29 	
2074-02	立春 雨水 		
2074-03	惊蛰 春分 		
2074-04	清明 谷雨 		
2074-05	立夏 小满 	放假 1 2 30 	
2074-06	芒种 夏至 		
2074-07	小暑 大暑 		
2074-08	立秋 处暑 		
2074-09	白露 秋分 		
2074-10	寒露 霜降 	放假 1 2 3 5 	
2074-11	立冬 小雪 		
2074-12	大雪 冬至 		
2075-01	小寒 大寒 	放假 1 	
2075-02	立春 雨水 	放假 15 16 17 	
2075-03	惊蛰 春分 		
2075-04	清明 谷雨 		
2075-05	立夏 小满 	放假 1 2 	
2075-06	芒种 夏至 	放假 17 	
2075-07	小暑 大暑 		
2075-08	立秋 处暑 		
2075-09	白露 秋分 	放假 24 	
2075-10	寒露 霜降 	放假 1 2 3 	
2075-11	立冬 小雪 		
2075-12	大雪 冬至 		
2076-01	小寒 大寒 	放假 1 	
2076-02	立春 雨水 	放假 5 6 7 	
2076-03	惊蛰 春分 		
2076-04	清明 谷雨 		
2076-05	立夏 小满 	放假 1 2 	
2076-06	芒种 夏至 	放假 6 	
2076-07	小暑 大暑 		
2076-08	立秋 处暑 		
2076-09	白露 秋分 	放假 12 	
2076-10	寒露 霜降 	放假 1 2 3 	
2076-11	立冬 小雪 		
2076-12	大雪 冬至 		
2077-01	小寒 大寒 	放假 1 24 25 26 	
2077-02	立春 雨水 		
2077-03	惊蛰 春分 		
2077-04	清明 谷雨 		
2077-05	立夏 小满 	放假 1 2 	
2077-06	芒种 夏至 	放假 24 	
2077-07	小暑 大暑 		
2077-08	立秋 处暑 		
2077-09	白露 秋分 		
2077-10	寒露 霜降 	放假 1 2 3 	
2077-11	立冬 小雪 		
2077-12	大雪 冬至 		
2078-01	小寒 大寒 	放假 1 	
2078-02	立春 雨水 	放假 12 13 14 	
2078-03	惊蛰 春分 		
2078-04	清明 谷雨 		
2078-05	立夏 小满 	放假 1 2 	
2078-06	芒种 夏至 	放假 14 	
2078-07	小暑 大暑 		
2078-08	立秋 处暑 		
2078-09	白露 秋分 	放假 20 	
2078-10	寒露 霜降 	放假 1 2 3 	
2078-11	立冬 小雪 		
2078-12	大雪 冬至 		
2079-01	小寒 大寒 	放假 1 	
2079-02	立春 雨水 	放假 2 3 4 	
2079-03	惊蛰 春分 		
2079-04	清明 谷雨 		
2079-05	立夏 小满 	放假 1 2 	
2079-06	芒种 夏至 	放假 4 	
2079-07	小暑 大暑 		
2079-08	立秋 处暑 		
2079-09	白露 秋分 	放假 10 	
2079-10	寒露 霜降 	放假 1 2 3 	
2079-11	立冬 小雪 		
2079-12	大雪 冬至 		
2080-01	小寒 大寒 	放假 1 22 23 24 	
2080-02	立春 雨水 		
2080-03	惊蛰 春分 		
2080-04	清明 谷雨 		
2080-05	立夏 小满 	放假 1 2 	
2080-06	芒种 夏至 	放假 22 	
2080-07	小暑 大暑 		
2080-08	立秋 处暑 		
2080-09	白露 秋分 	放假 28 	
2080-10	寒露 霜降 	放假 1 2 3 	
2080-11	立冬 小雪 		
2080-12	大雪 冬至 		
2081-01	小寒 大寒 	放假 1 	
2081-02	立春 雨水 	放假 9 10 11 	
2081-03	惊蛰 春分 		
2081-04	清明 谷雨 		
2081-05	立夏 小满 	放假 1 2 	
2081-06	芒种 夏至 	放假 11 	
2081-07	小暑 大暑 		
2081-08	立秋 处暑 		
2081-09	白露 秋分 	放假 17 	
2081-10	寒露 霜降 	放假 1 2 3 	
2081-11	立冬 小雪 		
2081-12	大雪 冬至 		
2082-01	小寒 大寒 	放假 1 29 30 31 	
2082-02	立春 雨水 		
2082-03	惊蛰 春分 		
2082-04	清明 谷雨 		
2082-05	立夏 小满 	放假 1 2 	
2082-06	芒种 夏至 	放假 1 	
2082-07	小暑 大暑 		
2082-08	立秋 处暑 		
2082-09	白露 秋分 		
2082-10	寒露 霜降 	放假 1 2 3 6 	
2082-11	立冬 小雪 		
2082-12	大雪 冬至 		
2083-01	小寒 大寒 	放假 1 	
2083-02	立春 雨水 	放假 17 18 19 	
2083-03	惊蛰 春分 		
2083-04	清明 谷雨 		
2083-05	立夏 小满 	放假 1 2 	
2083-06	芒种 夏至 	放假 19 	
2083-07	小暑 大暑 		
2083-08	立秋 处暑 		
2083-09	白露 秋分 	放假 26 	
2083-10	寒露 霜降 	放假 1 2 3 	
2083-11	立冬 小雪 		
2083-12	大雪 冬至 		
2084-01	小寒 大寒 	放假 1 	
2084-02	立春 雨水 	放假 6 7 8 	
2084-03	惊蛰 春分 		
2084-04	清明 谷雨 		
2084-05	立夏 小满 	放假 1 2 	
2084-06	芒种 夏至 	放假 7 	
2084-07	小暑 大暑 		
2084-08	立秋 处暑 		
2084-09	白露 秋分 	放假 14 	
2084-10	寒露 霜降 	放假 1 2 3 	
2084-11	立冬 小雪 		
2084-12	大雪 冬至 		
2085-01	小寒 大寒 	放假 1 26 27 28 	
2085-02	立春 雨水 		
2085-03	惊蛰 春分 		
2085-04	清明 谷雨 		
2085-05	立夏 小满 	放假 1 2 27 	
2085-06	芒种 夏至 	放假 26 	
2085-07	小暑 大暑 		
2085-08	立秋 处暑 		
2085-09	白露 秋分 		
2085-10	寒露 霜降 	放假 1 2 3 	
2085-11	立冬 小雪 		
2085-12	大雪 冬至 		
2086-01	小寒 大寒 	放假 1 	
2086-02	立春 雨水 	放假 14 15 16 	
2086-03	惊蛰 春分 		
2086-04	清明 谷雨 		
2086-05	立夏 小满 	放假 1 2 	
2086-06	芒种 夏至 	放假 15 	
2086-07	小暑 大暑 		
2086-08	立秋 处暑 		
2086-09	白露 秋分 	放假 22 	
2086-10	寒露 霜降 	放假 1 2 3 	
2086-11	立冬 小雪 		
2086-12	大雪 冬至 		
2087-01	小寒 大寒 	放假 1 	
2087-02	立春 雨水 	放假 3 4 5 	
2087-03	惊蛰 春分 		
2087-04	清明 谷雨 		
2087-05	立夏 小满 	放假 1 2 	
2087-06	芒种 夏至 	放假 5 	
2087-07	小暑 大暑 		
2087-08	立秋 处暑 		
2087-09	白露 秋分 	放假 11 	
2087-10	寒露 霜降 	放假 1 2 3 	
2087-11	立冬 小雪 		
2087-12	大雪 冬至 		
2088-01	小寒 大寒 	放假 1 24 25 26 	
2088-02	立春 雨水 		
2088-03	惊蛰 春分 		
2088-04	清明 谷雨 		
2088-05	立夏 小满 	放假 1 2 	
2088-06	芒种 夏至 	放假 23 	
2088-07	小暑 大暑 		
2088-08	立秋 处暑 		
2088-09	白露 秋分 	放假 29 	
2088-10	寒露 霜降 	放假 1 2 3 	
2088-11	立冬 小雪 		
2088-12	大雪 冬至 		
2089-01	小寒 大寒 	放假 1 	
2089-02	立春 雨水 	放假 10 11 12 	
2089-03	惊蛰 春分 		
2089-04	清明 谷雨 		
2089-05	立夏 小满 	放假 1 2 	
2089-06	芒种 夏至 	放假 13 	
2089-07	小暑 大暑 		
2089-08	立秋 处暑 		
2089-09	白露 秋分 	放假 18 	
2089-10	寒露 霜降 	放假 1 2 3 	
2089-11	立冬 小雪 		
2089-12	大雪 冬至 		
2090-01	小寒 大寒 	放假 1 30 31 	
2090-02	立春 雨水 	放假 1 	
2090-03	惊蛰 春分 		
2090-04	清明 谷雨 		
2090-05	立夏 小满 	放假 1 2 	
2090-06	芒种 夏至 	放假 2 	
2090-07	小暑 大暑 		
2090-08	立秋 处暑 		
2090-09	白露 秋分 	放假 8 	
2090-10	寒露 霜降 	放假 1 2 3 8 	
2090-11	立冬 小雪 		
2090-12	大雪 冬至 		
2091-01	小寒 大寒 	放假 1 	
2091-02	立春 雨水 	放假 18 19 20 	
2091-03	惊蛰 春分 		
2091-04	清明 谷雨 		
2091-05	立夏 小满 	放假 1 2 	
2091-06	芒种 夏至 	放假 21 	
2091-07	小暑 大暑 		
2091-08	立秋 处暑 		
2091-09	白露 秋分 	放假 27 	
2091-10	寒露 霜降 	放假 1 2 3 	
2091-11	立冬 小雪 		
2091-12	大雪 冬至 		
2092-01	小寒 大寒 	放假 1 	
2092-02	立春 雨水 	放假 7 8 9 	
2092-03	惊蛰 春分 		
2092-04	清明 谷雨 		
2092-05	立夏 小满 	放假 1 2 	
2092-06	芒种 夏至 	放假 9 	
2092-07	小暑 大暑 		
2092-08	立秋 处暑 		
2092-09	白露 秋分 	放假 16 	
2092-10	寒露 霜降 	放假 1 2 3 	
2092-11	立冬 小雪 		
2092-12	大雪 冬至 		
2093-01	小寒 大寒 	放假 1 27 28 29 	
2093-02	立春 雨水 		
2093-03	惊蛰 春分 		
2093-04	清明 谷雨 		
2093-05	立夏 小满 	放假 1 2 29 	
2093-06	芒种 夏至 		
2093-07	小暑 大暑 		
2093-08	立秋 处暑 		
2093-09	白露 秋分 		
2093-10	寒露 霜降 	放假 1 2 3 5 	
2093-11	立冬 小雪 		
2093-12	大雪 冬至 		
2094-01	小寒 大寒 	放假 1 	
2094-02	立春 雨水 	放假 15 16 17 	
2094-03	惊蛰 春分 		
2094-04	清明 谷雨 		
2094-05	立夏 小满 	放假 1 2 	
2094-06	芒种 夏至 	放假 17 	
2094-07	小暑 大暑 		
2094-08	立秋 处暑 		
2094-09	白露 秋分 	放假 24 	
2094-10	寒露 霜降 	放假 1 2 3 	
2094-11	立冬 小雪 		
2094-12	大雪 冬至 		
2095-01	小寒 大寒 	放假 1 	
2095-02	立春 雨水 	放假 5 6 7 	
2095-03	惊蛰 春分 		
2095-04	清明 谷雨 		
2095-05	立夏 小满 	放假 1 2 	
2095-06	芒种 夏至 	放假 6 	
2095-07	小暑 大暑 		
2095-08	立秋 处暑 		
2095-09	白露 秋分 	放假 13 	
2095-10	寒露 霜降 	放假 1 2 3 	
2095-11	立冬 小雪 		
2095-12	大雪 冬至 		
2096-01	小寒 大寒 	放假 1 25 26 27 	
2096-02	立春 雨水 		
2096-03	惊蛰 春分 		
2096-04	清明 谷雨 		
2096-05	立夏 小满 	放假 1 2 	
2096-06	芒种 夏至 	放假 24 	
2096-07	小暑 大暑 		
2096-08	立秋 处暑 		
2096-09	白露 秋分 	放假 30 	
2096-10	寒露 霜降 	放假 1 2 3 	
2096-11	立冬 小雪 		
2096-12	大雪 冬至 		
2097-01	小寒 大寒 	放假 1 	
2097-02	立春 雨水 	放假 12 13 14 	
2097-03	惊蛰 春分 		
2097-04	清明 谷雨 		
2097-05	立夏 小满 	放假 1 2 	
2097-06	芒种 夏至 	放假 14 	
2097-07	小暑 大暑 		
2097-08	立秋 处暑 		
2097-09	白露 秋分 	放假 20 	
2097-10	寒露 霜降 	放假 1 2 3 	
2097-11	立冬 小雪 		
2097-12	大雪 冬至 		
2098-01	小寒 大寒 	放假 1 	
2098-02	立春 雨水 	放假 1 2 3 	
2098-03	惊蛰 春分 		
2098-04	清明 谷雨 		
2098-05	立夏 小满 	放假 1 2 	
2098-06	芒种 夏至 	放假 4 	
2098-07	小暑 大暑 		
2098-08	立秋 处暑 		
2098-09	白露 秋分 	放假 9 	
2098-10	寒露 霜降 	放假 1 2 3 	
2098-11	立冬 小雪 		
2098-12	大雪 冬至 		
2099-01	小寒 大寒 	放假 1 21 22 23 	
2099-02	立春 雨水 		
2099-03	惊蛰 春分 		
2099-04	清明 谷雨 		
2099-05	立夏 小满 	放假 1 2 	
2099-06	芒种 夏至 	放假 23 	
2099-07	小暑 大暑 		
2099-08	立秋 处暑 		
2099-09	白露 秋分 	放假 29 	
2099-10	寒露 霜降 	放假 1 2 3 	
2099-11	立冬 小雪 		
2099-12	大雪 冬至 		
